<?xml version="1.0" encoding="utf-8"?>
<COLLADA xmlns="http://www.collada.org/2005/11/COLLADASchema" version="1.4.1" xmlns:xsi="http://www.w3.org/2001/XMLSchema-instance">
  <asset>
    <contributor>
      <author>Blender User</author>
      <authoring_tool>Blender 4.5.3 LTS commit date:2025-09-08, commit time:12:46, hash:67807e1800cc</authoring_tool>
    </contributor>
    <created>2025-09-19T22:12:58</created>
    <modified>2025-09-19T22:12:58</modified>
    <unit name="meter" meter="1"/>
    <up_axis>Z_UP</up_axis>
  </asset>
  <library_cameras>
    <camera id="Camera-camera" name="Camera">
      <optics>
        <technique_common>
          <perspective>
            <xfov sid="xfov">39.59775</xfov>
            <aspect_ratio>1.777778</aspect_ratio>
            <znear sid="znear">0.1</znear>
            <zfar sid="zfar">100</zfar>
          </perspective>
        </technique_common>
      </optics>
      <extra>
        <technique profile="blender">
          <shiftx sid="shiftx" type="float">0</shiftx>
          <shifty sid="shifty" type="float">0</shifty>
          <dof_distance sid="dof_distance" type="float">10</dof_distance>
        </technique>
      </extra>
    </camera>
  </library_cameras>
  <library_lights>
    <light id="Light-light" name="Light">
      <technique_common>
        <point>
          <color sid="color">1000 1000 1000</color>
          <constant_attenuation>1</constant_attenuation>
          <linear_attenuation>0</linear_attenuation>
          <quadratic_attenuation>0</quadratic_attenuation>
        </point>
      </technique_common>
      <extra>
        <technique profile="blender">
          <type sid="type" type="int">0</type>
          <flag sid="flag" type="int">0</flag>
          <mode sid="mode" type="int">2097153</mode>
          <red sid="red" type="float">1</red>
          <green sid="green" type="float">1</green>
          <blue sid="blue" type="float">1</blue>
          <energy sid="blender_energy" type="float">1000</energy>
          <spotsize sid="spotsize" type="float">75</spotsize>
          <spotblend sid="spotblend" type="float">0.15</spotblend>
          <clipsta sid="clipsta" type="float">0.04999995</clipsta>
          <clipend sid="clipend" type="float">40</clipend>
          <radius sid="radius" type="float">0.1</radius>
          <area_shape sid="area_shape" type="int">1</area_shape>
          <area_size sid="area_size" type="float">0.1</area_size>
          <area_sizey sid="area_sizey" type="float">0.1</area_sizey>
          <area_sizez sid="area_sizez" type="float">1</area_sizez>
        </technique>
      </extra>
    </light>
  </library_lights>
  <library_images/>
  <library_geometries>
    <geometry id="blade_guard-mesh" name="blade_guard">
      <mesh>
        <source id="blade_guard-mesh-positions">
          <float_array id="blade_guard-mesh-positions-array" count="4383">0.1706509 -0.1042988 0.06 0.1620448 -0.09933012 0.03499996 0.1706509 -0.1042988 0.03290909 0.1619524 -0.09927678 0.03269326 0.1704114 -0.1041606 0.03014016 0.1616762 -0.09911727 0.03040623 0.1612183 -0.09885293 0.02815842 0.1620448 -0.09933012 0.06 0.1699822 -0.1039128 0.02740192 0.1605828 -0.098486 0.0259689 0.169366 -0.1035569 0.02471172 0.159775 -0.09801965 0.02385652 0.1685665 -0.1030954 0.02208656 0.1588019 -0.09745782 0.0218392 0.167589 -0.1025311 0.01954299 0.1576718 -0.09680533 0.01993411 0.1664397 -0.1018674 0.01709717 0.1563942 -0.09606772 0.0181576 0.1549801 -0.09525132 0.01652473 0.1651256 -0.1011088 0.01476448 0.1534416 -0.09436303 0.01504951 0.1636552 -0.1002599 0.01255977 0.1517918 -0.09341049 0.01374453 0.1620378 -0.09932607 0.01049685 0.1500447 -0.09240186 0.01262086 0.1602836 -0.09831327 0.00858885 0.1482153 -0.0913456 0.01168817 0.1584036 -0.09722787 0.006847798 0.1463192 -0.0902509 0.01095432 0.1564099 -0.09607678 0.005284726 0.1443725 -0.089127 0.01042562 0.1543148 -0.09486722 0.003909468 0.1423918 -0.08798348 0.01010662 0.1521318 -0.09360682 0.002730727 0.1498746 -0.09230363 0.001755952 0.1403942 -0.08683007 0.00999999 0.1475574 -0.0909658 9.9141e-4 0.145195 -0.08960187 4.4179e-4 0.1428022 -0.08822035 1.10622e-4 0.1403942 -0.08683007 0 0.02749997 -0.02165061 0 0.02749997 -0.02165061 0.00999999 0.002447068 -0.1999849 0.03397637 -0.002447068 -0.1999849 0.03397637 0.004999995 -0.1999375 0.03290909 -0.004999995 -0.1999375 0.03290909 -0.004999995 -0.1996609 0.03014016 0 -0.2 0.03499996 0.004999995 -0.1996609 0.03014016 -0.004999995 -0.1991653 0.02740192 0.004999995 -0.1991653 0.02740192 -0.004999995 -0.1984537 0.02471172 0.004999995 -0.1984537 0.02471172 -0.004999995 -0.1975306 0.02208656 0.004999995 -0.1975306 0.02208656 -0.004999995 -0.1964019 0.01954299 0.004999995 -0.1964019 0.01954299 -0.004999995 -0.1950747 0.01709717 0.004999995 -0.1950747 0.01709717 -0.004999995 -0.1935574 0.01476448 0.004999995 -0.1935574 0.01476448 -0.004999995 -0.1918596 0.01255977 0.004999995 -0.1918596 0.01255977 -0.004999995 -0.1899919 0.01049685 0.004999995 -0.1899919 0.01049685 -0.004999995 -0.1879663 0.00858885 0.004999995 -0.1879663 0.00858885 -0.004999995 -0.1857956 0.006847798 0.004999995 -0.1857956 0.006847798 -0.004999995 -0.1834933 0.005284726 0.004999995 -0.1834933 0.005284726 -0.004999995 -0.1810742 0.003909468 0.004999995 -0.1810742 0.003909468 -0.004999995 -0.1785534 0.002730727 0.004999995 -0.1785534 0.002730727 -0.004999995 -0.175947 0.001755952 0.004999995 -0.175947 0.001755952 -0.004999995 -0.1732714 9.9141e-4 0.004999995 -0.1732714 9.9141e-4 -0.004999995 -0.1705434 4.4179e-4 0.004999995 -0.1705434 4.4179e-4 -0.004999995 -0.1677805 1.10622e-4 0.004999995 -0.1677805 1.10622e-4 -0.004999995 -0.165 0 0.004999995 -0.165 0 -0.004999995 -0.1999375 0.06 -0.004999995 -0.1899999 0.03499996 -0.004999995 -0.1898933 0.03269326 -0.004999995 -0.1895743 0.03040623 -0.004999995 -0.1890456 0.02815842 -0.004999995 -0.1899999 0.06 -0.004999995 -0.1883118 0.0259689 -0.004999995 -0.1873791 0.02385652 -0.004999995 -0.1862554 0.0218392 -0.004999995 -0.1849504 0.01993411 -0.004999995 -0.1834752 0.0181576 -0.004999995 -0.1818423 0.01652473 -0.004999995 -0.1800658 0.01504951 -0.004999995 -0.1781608 0.01374453 -0.004999995 -0.1761434 0.01262086 -0.004999995 -0.174031 0.01168817 -0.004999995 -0.1718416 0.01095432 -0.004999995 -0.1695937 0.01042562 -0.004999995 -0.1673067 0.01010662 -0.004999995 -0.165 0.00999999 -0.004999995 -0.03464096 0 -0.004999995 -0.03464096 0.00999999 -0.1719589 -0.102128 0.03396844 -0.1744248 -0.09785676 0.03396844 -0.1706509 -0.1042988 0.03290909 -0.1756509 -0.09563857 0.03290909 -0.1754114 -0.09550034 0.03014016 -0.173205 -0.1 0.03499996 -0.1704114 -0.1041606 0.03014016 -0.1749822 -0.09525251 0.02740192 -0.1699822 -0.1039128 0.02740192 -0.1743659 -0.09489673 0.02471172 -0.169366 -0.1035569 0.02471172 -0.1735665 -0.09443515 0.02208656 -0.1685665 -0.1030954 0.02208656 -0.1725891 -0.09387081 0.01954299 -0.167589 -0.1025311 0.01954299 -0.1714397 -0.09320724 0.01709717 -0.1664397 -0.1018674 0.01709717 -0.1701256 -0.09244853 0.01476448 -0.1651256 -0.1011088 0.01476448 -0.1686552 -0.09159964 0.01255977 -0.1636552 -0.1002599 0.01255977 -0.1670379 -0.09066581 0.01049685 -0.1620378 -0.09932607 0.01049685 -0.1652836 -0.08965301 0.00858885 -0.1602836 -0.09831327 0.00858885 -0.1634036 -0.08856761 0.006847798 -0.1584036 -0.09722787 0.006847798 -0.1614099 -0.08741652 0.005284726 -0.1564099 -0.09607678 0.005284726 -0.1593148 -0.08620697 0.003909468 -0.1543148 -0.09486722 0.003909468 -0.1571318 -0.08494657 0.002730727 -0.1521318 -0.09360682 0.002730727 -0.1548746 -0.08364337 0.001755952 -0.1498746 -0.09230363 0.001755952 -0.1525574 -0.08230555 9.9141e-4 -0.1475574 -0.0909658 9.9141e-4 -0.150195 -0.08094161 4.4179e-4 -0.145195 -0.08960187 4.4179e-4 -0.1478022 -0.0795601 1.10622e-4 -0.1428022 -0.08822035 1.10622e-4 -0.1453942 -0.07816988 0 -0.1403942 -0.08683007 0 -0.1756509 -0.09563857 0.06 -0.1670448 -0.09066987 0.03499996 -0.1669524 -0.09061652 0.03269326 -0.1666762 -0.09045702 0.03040623 -0.1662183 -0.09019267 0.02815842 -0.1670448 -0.09066987 0.06 -0.1655828 -0.08982574 0.0259689 -0.164775 -0.0893594 0.02385652 -0.1638019 -0.08879756 0.0218392 -0.1626718 -0.08814507 0.01993411 -0.1613942 -0.08740746 0.0181576 -0.1599801 -0.08659106 0.01652473 -0.1584416 -0.08570277 0.01504951 -0.1567918 -0.08475023 0.01374453 -0.1550447 -0.0837416 0.01262086 -0.1532153 -0.08268535 0.01168817 -0.1513192 -0.08159065 0.01095432 -0.1493725 -0.08046674 0.01042562 -0.1473918 -0.07932323 0.01010662 -0.1453942 -0.07816988 0.00999999 -0.03249996 -0.01299035 0 -0.03249996 -0.01299035 0.00999999 -0.1744248 0.09785676 0.03396844 -0.1719589 0.102128 0.03396844 -0.1756509 0.09563857 0.03290909 -0.1706509 0.1042988 0.03290909 -0.1704114 0.1041606 0.03014016 -0.173205 0.1 0.03499996 -0.1754114 0.09550034 0.03014016 -0.1699822 0.1039128 0.02740192 -0.1749822 0.09525251 0.02740192 -0.169366 0.1035569 0.02471172 -0.1743659 0.09489673 0.02471172 -0.1685665 0.1030954 0.02208656 -0.1735665 0.09443515 0.02208656 -0.167589 0.1025311 0.01954299 -0.1725891 0.09387081 0.01954299 -0.1664397 0.1018674 0.01709717 -0.1714397 0.09320724 0.01709717 -0.1651256 0.1011088 0.01476448 -0.1701256 0.09244853 0.01476448 -0.1636552 0.1002599 0.01255977 -0.1686552 0.09159964 0.01255977 -0.1620378 0.09932607 0.01049685 -0.1670379 0.09066581 0.01049685 -0.1602836 0.09831327 0.00858885 -0.1652836 0.08965301 0.00858885 -0.1584036 0.09722787 0.006847798 -0.1634036 0.08856761 0.006847798 -0.1564099 0.09607678 0.005284726 -0.1614099 0.08741652 0.005284726 -0.1543148 0.09486722 0.003909468 -0.1593148 0.08620697 0.003909468 -0.1521318 0.09360682 0.002730727 -0.1571318 0.08494657 0.002730727 -0.1498746 0.09230363 0.001755952 -0.1548746 0.08364337 0.001755952 -0.1475574 0.0909658 9.9141e-4 -0.1525574 0.08230555 9.9141e-4 -0.145195 0.08960187 4.4179e-4 -0.150195 0.08094161 4.4179e-4 -0.1428022 0.08822035 1.10622e-4 -0.1478022 0.0795601 1.10622e-4 -0.1403942 0.08683007 0 -0.1453942 0.07816988 0 -0.1706509 0.1042988 0.06 -0.1620448 0.09933012 0.03499996 -0.1619524 0.09927678 0.03269326 -0.1616762 0.09911727 0.03040623 -0.1612183 0.09885293 0.02815842 -0.1620448 0.09933012 0.06 -0.1605828 0.098486 0.0259689 -0.159775 0.09801965 0.02385652 -0.1588019 0.09745782 0.0218392 -0.1576718 0.09680533 0.01993411 -0.1563942 0.09606772 0.0181576 -0.1549801 0.09525132 0.01652473 -0.1534416 0.09436303 0.01504951 -0.1517918 0.09341049 0.01374453 -0.1500447 0.09240186 0.01262086 -0.1482153 0.0913456 0.01168817 -0.1463192 0.0902509 0.01095432 -0.1443725 0.089127 0.01042562 -0.1423918 0.08798348 0.01010662 -0.1403942 0.08683007 0.00999999 -0.02749997 0.02165061 0 -0.02749997 0.02165061 0.00999999 -0.1645448 -0.09499996 0.06 -0.1676595 -0.08938843 0.06 -0.1705828 -0.08367484 0.06 -0.1733115 -0.07786583 0.06 -0.1758425 -0.07196795 0.06 -0.1787323 -0.08974826 0.06 -0.1781729 -0.065988 0.06 -0.1816163 -0.08375877 0.06 -0.1802999 -0.0599327 0.06 -0.1842995 -0.07767671 0.06 -0.1822212 -0.05380904 0.06 -0.1867792 -0.07150888 0.06 -0.1839346 -0.04762393 0.06 -0.1854382 -0.04138457 0.06 -0.1890525 -0.06526201 0.06 -0.1867301 -0.03509789 0.06 -0.191117 -0.05894303 0.06 -0.1878089 -0.02877128 0.06 -0.1929703 -0.05255901 0.06 -0.1886735 -0.02241176 0.06 -0.1946104 -0.04611682 0.06 -0.1893228 -0.01602667 0.06 -0.1960356 -0.03962379 0.06 -0.1897561 -0.009623289 0.06 -0.1972441 -0.03308689 0.06 -0.1982347 -0.02651351 0.06 -0.1899729 -0.003208994 0.06 -0.1990064 -0.01991081 0.06 -0.1995582 -0.01328605 0.06 -0.1998895 -0.006646692 0.06 -0.2 0 0.06 -0.1899729 0.003208994 0.06 -0.1998895 0.006646692 0.06 -0.1995582 0.01328605 0.06 -0.1990064 0.01991081 0.06 -0.1982347 0.02651351 0.06 -0.1897561 0.009623289 0.06 -0.1972441 0.03308689 0.06 -0.1960356 0.03962379 0.06 -0.1893228 0.01602667 0.06 -0.1946104 0.04611682 0.06 -0.1886735 0.02241176 0.06 -0.1929703 0.05255901 0.06 -0.1878089 0.02877128 0.06 -0.191117 0.05894303 0.06 -0.1867301 0.03509789 0.06 -0.1890525 0.06526201 0.06 -0.1854382 0.04138457 0.06 -0.1867792 0.07150888 0.06 -0.1839346 0.04762393 0.06 -0.1822212 0.05380904 0.06 -0.1842995 0.07767671 0.06 -0.1802999 0.0599327 0.06 -0.1816163 0.08375877 0.06 -0.1781729 0.065988 0.06 -0.1787323 0.08974826 0.06 -0.1758425 0.07196795 0.06 -0.1756509 0.09563857 0.06 -0.1733115 0.07786583 0.06 -0.1705828 0.08367484 0.06 -0.1676595 0.08938843 0.06 -0.1670448 0.09066987 0.06 -0.1645448 0.09499996 0.06 0 -0.1899999 0.06 -0.006417036 -0.1898916 0.06 -0.01164186 -0.1996608 0.06 -0.0128268 -0.1895665 0.06 -0.0182709 -0.1991637 0.06 -0.01922196 -0.1890252 0.06 -0.02487975 -0.1984465 0.06 -0.02559512 -0.1882681 0.06 -0.03146106 -0.19751 0.06 -0.03193914 -0.1872962 0.06 -0.03800767 -0.1963553 0.06 -0.03824669 -0.1861107 0.06 -0.04451227 -0.1949837 0.06 -0.0445106 -0.1847127 0.06 -0.05096769 -0.1933967 0.06 -0.05072373 -0.183104 0.06 -0.05736684 -0.191596 0.06 -0.06370258 -0.1895837 0.06 -0.05687898 -0.1812864 0.06 -0.06996792 -0.1873619 0.06 -0.06296932 -0.179262 0.06 -0.07615602 -0.1849331 0.06 -0.06898778 -0.177033 0.06 -0.08225995 -0.1823 0.06 -0.07492756 -0.174602 0.06 -0.08827298 -0.1794655 0.06 -0.08078187 -0.1719717 0.06 -0.09418851 -0.1764327 0.06 -0.08654397 -0.1691453 0.06 -0.1 -0.173205 0.06 -0.09220737 -0.1661258 0.06 -0.105701 -0.169786 0.06 -0.0977655 -0.1629168 0.06 -0.1112852 -0.1661794 0.06 -0.1032121 -0.1595219 0.06 -0.1167464 -0.1623892 0.06 -0.108541 -0.155945 0.06 -0.1220787 -0.1584196 0.06 -0.1137459 -0.1521902 0.06 -0.1272762 -0.154275 0.06 -0.1188212 -0.1482617 0.06 -0.132333 -0.1499599 0.06 -0.1237608 -0.144164 0.06 -0.1372436 -0.1454792 0.06 -0.1285592 -0.1399018 0.06 -0.1420026 -0.1408377 0.06 -0.1332108 -0.1354801 0.06 -0.1466047 -0.1360406 0.06 -0.1377106 -0.1309037 0.06 -0.1510449 -0.1310933 0.06 -0.1420532 -0.126178 0.06 -0.1553181 -0.1260011 0.06 -0.1462337 -0.1213082 0.06 -0.1594198 -0.1207697 0.06 -0.1502473 -0.1163001 0.06 -0.1633453 -0.1154049 0.06 -0.1540896 -0.1111593 0.06 -0.1670904 -0.1099126 0.06 -0.157756 -0.1058916 0.06 -0.1706509 -0.1042988 0.06 -0.1612424 -0.1005032 0.06 -0.1620448 -0.09933012 0.06 0.1645448 -0.09499996 0.06 0.1612424 -0.1005032 0.06 0.157756 -0.1058916 0.06 0.1670904 -0.1099126 0.06 0.1540896 -0.1111593 0.06 0.1633453 -0.1154049 0.06 0.1502473 -0.1163001 0.06 0.1594198 -0.1207697 0.06 0.1462337 -0.1213082 0.06 0.1553181 -0.1260011 0.06 0.1420532 -0.126178 0.06 0.1510449 -0.1310933 0.06 0.1377106 -0.1309037 0.06 0.1466047 -0.1360406 0.06 0.1332108 -0.1354801 0.06 0.1420026 -0.1408377 0.06 0.1285592 -0.1399018 0.06 0.1372436 -0.1454792 0.06 0.1237608 -0.144164 0.06 0.132333 -0.1499599 0.06 0.1188212 -0.1482617 0.06 0.1272762 -0.154275 0.06 0.1137459 -0.1521902 0.06 0.1220787 -0.1584196 0.06 0.108541 -0.155945 0.06 0.1167464 -0.1623892 0.06 0.1032121 -0.1595219 0.06 0.1112852 -0.1661794 0.06 0.0977655 -0.1629168 0.06 0.105701 -0.169786 0.06 0.09220737 -0.1661258 0.06 0.1 -0.173205 0.06 0.08654397 -0.1691453 0.06 0.09418851 -0.1764327 0.06 0.08078187 -0.1719717 0.06 0.08827298 -0.1794655 0.06 0.07492756 -0.174602 0.06 0.08225995 -0.1823 0.06 0.06898778 -0.177033 0.06 0.07615602 -0.1849331 0.06 0.06296932 -0.179262 0.06 0.06996792 -0.1873619 0.06 0.05687898 -0.1812864 0.06 0.06370258 -0.1895837 0.06 0.05072373 -0.183104 0.06 0.05736684 -0.191596 0.06 0.05096769 -0.1933967 0.06 0.0445106 -0.1847127 0.06 0.04451227 -0.1949837 0.06 0.03824669 -0.1861107 0.06 0.03800767 -0.1963553 0.06 0.03193914 -0.1872962 0.06 0.03146106 -0.19751 0.06 0.02559512 -0.1882681 0.06 0.02487975 -0.1984465 0.06 0.01922196 -0.1890252 0.06 0.0182709 -0.1991637 0.06 0.0128268 -0.1895665 0.06 0.01164186 -0.1996608 0.06 0.006417036 -0.1898916 0.06 0.004999995 -0.1999375 0.06 0.004999995 -0.1899999 0.06 0.1645448 0.09499996 0.06 0.1670448 0.09066987 0.06 0.1676595 0.08938843 0.06 0.1756509 0.09563857 0.06 0.1705828 0.08367484 0.06 0.1733115 0.07786583 0.06 0.1758425 0.07196795 0.06 0.1787323 0.08974826 0.06 0.1781729 0.065988 0.06 0.1816163 0.08375877 0.06 0.1802999 0.0599327 0.06 0.1842995 0.07767671 0.06 0.1822212 0.05380904 0.06 0.1867792 0.07150888 0.06 0.1839346 0.04762393 0.06 0.1854382 0.04138457 0.06 0.1890525 0.06526201 0.06 0.1867301 0.03509789 0.06 0.191117 0.05894303 0.06 0.1878089 0.02877128 0.06 0.1929703 0.05255901 0.06 0.1886735 0.02241176 0.06 0.1946104 0.04611682 0.06 0.1893228 0.01602667 0.06 0.1960356 0.03962379 0.06 0.1897561 0.009623289 0.06 0.1972441 0.03308689 0.06 0.1982347 0.02651351 0.06 0.1899729 0.003208994 0.06 0.1990064 0.01991081 0.06 0.1995582 0.01328605 0.06 0.1998895 0.006646692 0.06 0.2 0 0.06 0.1899729 -0.003208994 0.06 0.1998895 -0.006646692 0.06 0.1995582 -0.01328605 0.06 0.1990064 -0.01991081 0.06 0.1982347 -0.02651351 0.06 0.1897561 -0.009623289 0.06 0.1972441 -0.03308689 0.06 0.1960356 -0.03962379 0.06 0.1893228 -0.01602667 0.06 0.1946104 -0.04611682 0.06 0.1886735 -0.02241176 0.06 0.1929703 -0.05255901 0.06 0.1878089 -0.02877128 0.06 0.191117 -0.05894303 0.06 0.1867301 -0.03509789 0.06 0.1890525 -0.06526201 0.06 0.1854382 -0.04138457 0.06 0.1867792 -0.07150888 0.06 0.1839346 -0.04762393 0.06 0.1822212 -0.05380904 0.06 0.1842995 -0.07767671 0.06 0.1802999 -0.0599327 0.06 0.1816163 -0.08375877 0.06 0.1781729 -0.065988 0.06 0.1787323 -0.08974826 0.06 0.1758425 -0.07196795 0.06 0.1756509 -0.09563857 0.06 0.1733115 -0.07786583 0.06 0.1705828 -0.08367484 0.06 0.1676595 -0.08938843 0.06 0.1670448 -0.09066987 0.06 0 0.1899999 0.06 0.004999995 0.1899999 0.06 0.006417036 0.1898916 0.06 0.004999995 0.1999375 0.06 0.01164186 0.1996608 0.06 0.0128268 0.1895665 0.06 0.0182709 0.1991637 0.06 0.01922196 0.1890252 0.06 0.02487975 0.1984465 0.06 0.02559512 0.1882681 0.06 0.03146106 0.19751 0.06 0.03193914 0.1872962 0.06 0.03800767 0.1963553 0.06 0.03824669 0.1861107 0.06 0.04451227 0.1949837 0.06 0.0445106 0.1847127 0.06 0.05096769 0.1933967 0.06 0.05072373 0.183104 0.06 0.05736684 0.191596 0.06 0.06370258 0.1895837 0.06 0.05687898 0.1812864 0.06 0.06996792 0.1873619 0.06 0.06296932 0.179262 0.06 0.07615602 0.1849331 0.06 0.06898778 0.177033 0.06 0.08225995 0.1823 0.06 0.07492756 0.174602 0.06 0.08827298 0.1794655 0.06 0.08078187 0.1719717 0.06 0.09418851 0.1764327 0.06 0.08654397 0.1691453 0.06 0.1 0.173205 0.06 0.09220737 0.1661258 0.06 0.105701 0.169786 0.06 0.0977655 0.1629168 0.06 0.1112852 0.1661794 0.06 0.1032121 0.1595219 0.06 0.1167464 0.1623892 0.06 0.108541 0.155945 0.06 0.1220787 0.1584196 0.06 0.1137459 0.1521902 0.06 0.1272762 0.154275 0.06 0.1188212 0.1482617 0.06 0.132333 0.1499599 0.06 0.1237608 0.144164 0.06 0.1372436 0.1454792 0.06 0.1285592 0.1399018 0.06 0.1420026 0.1408377 0.06 0.1332108 0.1354801 0.06 0.1466047 0.1360406 0.06 0.1377106 0.1309037 0.06 0.1510449 0.1310933 0.06 0.1420532 0.126178 0.06 0.1553181 0.1260011 0.06 0.1462337 0.1213082 0.06 0.1594198 0.1207697 0.06 0.1502473 0.1163001 0.06 0.1633453 0.1154049 0.06 0.1540896 0.1111593 0.06 0.1670904 0.1099126 0.06 0.157756 0.1058916 0.06 0.1706509 0.1042988 0.06 0.1612424 0.1005032 0.06 0.1620448 0.09933012 0.06 0.1898868 0.00655806 0.06999999 0.1899999 0 0.06999999 0.1898868 -0.00655806 0.06999999 0.1895473 -0.01310831 0.06999999 0.1889818 -0.01964294 0.06999999 0.1881912 -0.02615416 0.06999999 0.1871764 -0.03263419 0.06999999 0.1859384 -0.03907537 0.06999999 0.1844789 -0.04546993 0.06999999 0.1827995 -0.05181038 0.06999999 0.1809023 -0.05808901 0.06999999 0.1787895 -0.06429845 0.06999999 0.1764637 -0.07043129 0.06999999 0.1739275 -0.07648015 0.06999999 0.1711841 -0.08243787 0.06999999 0.1682366 -0.08829736 0.06999999 0.1650887 -0.09405165 0.06999999 0.161744 -0.09969383 0.06999999 0.1582066 -0.1052172 0.06999999 0.1544806 -0.1106152 0.06999999 0.1505706 -0.1158813 0.06999999 0.146481 -0.1210094 0.06999999 0.142217 -0.1259933 0.06999999 0.1377835 -0.130827 0.06999999 0.1331858 -0.1355048 0.06999999 0.1895473 0.01310831 0.06999999 0.1889818 0.01964294 0.06999999 0.1881912 0.02615416 0.06999999 0.1871764 0.03263419 0.06999999 0.1859384 0.03907537 0.06999999 0.1844789 0.04546993 0.06999999 0.1827995 0.05181038 0.06999999 0.1809023 0.05808901 0.06999999 0.1787895 0.06429845 0.06999999 0.1764637 0.07043129 0.06999999 0.1739275 0.07648015 0.06999999 0.1711841 0.08243787 0.06999999 0.1682366 0.08829736 0.06999999 0.1650887 0.09405165 0.06999999 0.161744 0.09969383 0.06999999 0.1582066 0.1052172 0.06999999 0.1544806 0.1106152 0.06999999 0.1505706 0.1158813 0.06999999 0.146481 0.1210094 0.06999999 0.142217 0.1259933 0.06999999 0.1377835 0.130827 0.06999999 0.1331858 0.1355048 0.06999999 0.1284292 0.1400211 0.06999999 0.1235197 0.1443706 0.06999999 0.118463 0.148548 0.06999999 0.1132652 0.1525483 0.06999999 0.1079323 0.1563669 0.06999999 0.1024708 0.1599991 0.06999999 0.09688717 0.1634407 0.06999999 0.09118807 0.1666875 0.06999999 0.08538037 0.1697356 0.06999999 0.07947087 0.1725815 0.06999999 0.07346665 0.1752217 0.06999999 0.06737488 0.1776531 0.06999999 0.06120288 0.1798727 0.06999999 0.05495786 0.181878 0.06999999 0.0486474 0.1836666 0.06999999 0.04227894 0.1852363 0.06999999 0.03586012 0.1865852 0.06999999 0.02939856 0.1877118 0.06999999 0.02290195 0.1886147 0.06999999 0.01637804 0.1892927 0.06999999 0.009834647 0.1897453 0.06999999 0.003279507 0.1899717 0.06999999 -0.003279507 0.1899717 0.06999999 -0.006417036 0.1898916 0.06 -0.009834647 0.1897453 0.06999999 -0.0128268 0.1895665 0.06 -0.01637804 0.1892927 0.06999999 -0.01922196 0.1890252 0.06 -0.02290195 0.1886147 0.06999999 -0.02559512 0.1882681 0.06 -0.02939856 0.1877118 0.06999999 -0.03193914 0.1872962 0.06 -0.03586012 0.1865852 0.06999999 -0.03824669 0.1861107 0.06 -0.04227894 0.1852363 0.06999999 -0.0445106 0.1847127 0.06 -0.0486474 0.1836666 0.06999999 -0.05072373 0.183104 0.06 -0.05495786 0.181878 0.06999999 -0.05687898 0.1812864 0.06 -0.06120288 0.1798727 0.06999999 -0.06296932 0.179262 0.06 -0.06737488 0.1776531 0.06999999 -0.06898778 0.177033 0.06 -0.07346665 0.1752217 0.06999999 -0.07492756 0.174602 0.06 -0.07947087 0.1725815 0.06999999 -0.08078187 0.1719717 0.06 -0.08538037 0.1697356 0.06999999 -0.08654397 0.1691453 0.06 -0.09118807 0.1666875 0.06999999 -0.09220737 0.1661258 0.06 -0.09688717 0.1634407 0.06999999 -0.0977655 0.1629168 0.06 -0.1024708 0.1599991 0.06999999 -0.1032121 0.1595219 0.06 -0.1079323 0.1563669 0.06999999 -0.108541 0.155945 0.06 -0.1132652 0.1525483 0.06999999 -0.1137459 0.1521902 0.06 -0.118463 0.148548 0.06999999 -0.1188212 0.1482617 0.06 -0.1235197 0.1443706 0.06999999 -0.1237608 0.144164 0.06 -0.1284292 0.1400211 0.06999999 -0.1285592 0.1399018 0.06 -0.1331858 0.1355048 0.06999999 -0.1332108 0.1354801 0.06 -0.1377106 0.1309037 0.06 -0.1377835 0.130827 0.06999999 -0.1420532 0.126178 0.06 -0.142217 0.1259933 0.06999999 -0.1462337 0.1213082 0.06 -0.146481 0.1210094 0.06999999 -0.1502473 0.1163001 0.06 -0.1505706 0.1158813 0.06999999 -0.1540896 0.1111593 0.06 -0.1544806 0.1106152 0.06999999 -0.157756 0.1058916 0.06 -0.1582066 0.1052172 0.06999999 -0.1612424 0.1005032 0.06 -0.161744 0.09969383 0.06999999 -0.1650887 0.09405165 0.06999999 -0.1682366 0.08829736 0.06999999 -0.1711841 0.08243787 0.06999999 -0.1739275 0.07648015 0.06999999 -0.1764637 0.07043129 0.06999999 -0.1787895 0.06429845 0.06999999 -0.1809023 0.05808901 0.06999999 -0.1827995 0.05181038 0.06999999 -0.1844789 0.04546993 0.06999999 -0.1859384 0.03907537 0.06999999 -0.1871764 0.03263419 0.06999999 -0.1881912 0.02615416 0.06999999 -0.1889818 0.01964294 0.06999999 -0.1895473 0.01310831 0.06999999 -0.1898868 0.00655806 0.06999999 -0.1899999 0 0.06999999 -0.1898868 -0.00655806 0.06999999 -0.1895473 -0.01310831 0.06999999 -0.1889818 -0.01964294 0.06999999 -0.1881912 -0.02615416 0.06999999 -0.1871764 -0.03263419 0.06999999 -0.1859384 -0.03907537 0.06999999 -0.1844789 -0.04546993 0.06999999 -0.1827995 -0.05181038 0.06999999 -0.1809023 -0.05808901 0.06999999 -0.1787895 -0.06429845 0.06999999 -0.1764637 -0.07043129 0.06999999 -0.1739275 -0.07648015 0.06999999 -0.1711841 -0.08243787 0.06999999 -0.1682366 -0.08829736 0.06999999 -0.1650887 -0.09405165 0.06999999 -0.161744 -0.09969383 0.06999999 -0.1582066 -0.1052172 0.06999999 -0.1544806 -0.1106152 0.06999999 -0.1505706 -0.1158813 0.06999999 -0.146481 -0.1210094 0.06999999 -0.142217 -0.1259933 0.06999999 -0.1377835 -0.130827 0.06999999 -0.1331858 -0.1355048 0.06999999 -0.1284292 -0.1400211 0.06999999 -0.1235197 -0.1443706 0.06999999 -0.118463 -0.148548 0.06999999 -0.1132652 -0.1525483 0.06999999 -0.1079323 -0.1563669 0.06999999 -0.1024708 -0.1599991 0.06999999 -0.09688717 -0.1634407 0.06999999 -0.09118807 -0.1666875 0.06999999 -0.08538037 -0.1697356 0.06999999 -0.07947087 -0.1725815 0.06999999 -0.07346665 -0.1752217 0.06999999 -0.06737488 -0.1776531 0.06999999 -0.06120288 -0.1798727 0.06999999 -0.05495786 -0.181878 0.06999999 -0.0486474 -0.1836666 0.06999999 -0.04227894 -0.1852363 0.06999999 -0.03586012 -0.1865852 0.06999999 -0.02939856 -0.1877118 0.06999999 -0.02290195 -0.1886147 0.06999999 -0.01637804 -0.1892927 0.06999999 -0.009834647 -0.1897453 0.06999999 -0.003279507 -0.1899717 0.06999999 0.003279507 -0.1899717 0.06999999 0.009834647 -0.1897453 0.06999999 0.01637804 -0.1892927 0.06999999 0.02290195 -0.1886147 0.06999999 0.02939856 -0.1877118 0.06999999 0.03586012 -0.1865852 0.06999999 0.04227894 -0.1852363 0.06999999 0.0486474 -0.1836666 0.06999999 0.05495786 -0.181878 0.06999999 0.06120288 -0.1798727 0.06999999 0.06737488 -0.1776531 0.06999999 0.07346665 -0.1752217 0.06999999 0.07947087 -0.1725815 0.06999999 0.08538037 -0.1697356 0.06999999 0.09118807 -0.1666875 0.06999999 0.09688717 -0.1634407 0.06999999 0.1024708 -0.1599991 0.06999999 0.1079323 -0.1563669 0.06999999 0.1132652 -0.1525483 0.06999999 0.118463 -0.148548 0.06999999 0.1235197 -0.1443706 0.06999999 0.1284292 -0.1400211 0.06999999 0.1998871 -0.006718695 0.06999999 0.2 0 0.06999999 0.1995486 -0.01342982 0.06999999 0.1989848 -0.0201258 0.06999999 0.1981964 -0.02679908 0.06999999 0.1971842 -0.03344208 0.06999999 0.1959495 -0.04004734 0.06999999 0.1944935 -0.04660737 0.06999999 0.1928181 -0.05311477 0.06999999 0.1909249 -0.05956226 0.06999999 0.1888163 -0.06594252 0.06999999 0.1864944 -0.07224833 0.06999999 0.1839621 -0.07847255 0.06999999 0.1812221 -0.08460819 0.06999999 0.1782775 -0.09064835 0.06999999 0.1751316 -0.09658616 0.06999999 0.1756509 -0.09563857 0.03290909 0.1744248 -0.09785676 0.03396844 0.173205 -0.1 0.03499996 0.1717881 -0.102415 0.06999999 0.1719589 -0.102128 0.03396844 0.1682507 -0.1081281 0.06999999 0.1645233 -0.1137192 0.06999999 0.1606102 -0.119182 0.06999999 0.1565158 -0.1245102 0.06999999 0.1522447 -0.1296979 0.06999999 0.1478018 -0.1347391 0.06999999 0.1431919 -0.1396282 0.06999999 0.1384205 -0.1443598 0.06999999 0.1334928 -0.1489284 0.06999999 0.1284145 -0.1533288 0.06999999 0.1231911 -0.1575561 0.06999999 0.1178287 -0.1616057 0.06999999 0.1123332 -0.1654727 0.06999999 0.106711 -0.169153 0.06999999 0.1009684 -0.1726424 0.06999999 0.09511166 -0.1759368 0.06999999 0.08914762 -0.1790326 0.06999999 0.08308297 -0.1819264 0.06999999 0.0769245 -0.1846147 0.06999999 0.07067924 -0.1870947 0.06999999 0.06435418 -0.1893635 0.06999999 0.05795639 -0.1914185 0.06999999 0.05149328 -0.1932574 0.06999999 0.044972 -0.1948782 0.06999999 0.03839993 -0.1962789 0.06999999 0.03178453 -0.1974582 0.06999999 0.02513331 -0.1984145 0.06999999 0.01845365 -0.1991468 0.06999999 0.0117532 -0.1996544 0.06999999 0.005039453 -0.1999365 0.06999999 -0.001679956 -0.1999929 0.06999999 -0.008397459 -0.1998236 0.06999999 -0.01510554 -0.1994287 0.06999999 -0.02179652 -0.1988087 0.06999999 -0.02846294 -0.1979643 0.06999999 -0.03509718 -0.1968963 0.06999999 -0.04169183 -0.1956062 0.06999999 -0.04823946 -0.1940952 0.06999999 -0.05473256 -0.1923651 0.06999999 -0.0611639 -0.1904178 0.06999999 -0.06752622 -0.1882557 0.06999999 -0.0738123 -0.185881 0.06999999 -0.08001506 -0.1832965 0.06999999 -0.08612746 -0.180505 0.06999999 -0.0921427 -0.1775097 0.06999999 -0.09805387 -0.1743142 0.06999999 -0.1038544 -0.1709218 0.06999999 -0.1095376 -0.1673365 0.06999999 -0.1150972 -0.1635622 0.06999999 -0.1205269 -0.1596034 0.06999999 -0.1258205 -0.1554644 0.06999999 -0.1309721 -0.1511499 0.06999999 -0.1359758 -0.1466647 0.06999999 -0.1408261 -0.142014 0.06999999 -0.1455174 -0.137203 0.06999999 -0.1500444 -0.1322371 0.06999999 -0.154402 -0.127122 0.06999999 -0.1585854 -0.1218633 0.06999999 -0.1625897 -0.1164671 0.06999999 -0.1664105 -0.1109393 0.06999999 -0.1700434 -0.1052864 0.06999999 -0.1734844 -0.0995146 0.06999999 -0.1767295 -0.09363049 0.06999999 -0.1797751 -0.08764064 0.06999999 -0.1826179 -0.0815519 0.06999999 -0.1852544 -0.07537108 0.06999999 -0.1876818 -0.06910514 0.06999999 -0.1898974 -0.06276124 0.06999999 -0.1918986 -0.05634647 0.06999999 -0.1936832 -0.0498681 0.06999999 -0.1952491 -0.04333347 0.06999999 -0.1965946 -0.03674989 0.06999999 -0.1977182 -0.03012484 0.06999999 -0.1986186 -0.02346575 0.06999999 -0.1992948 -0.01678019 0.06999999 -0.199746 -0.01007568 0.06999999 -0.1999717 -0.003359794 0.06999999 -0.1999717 0.003359794 0.06999999 -0.199746 0.01007568 0.06999999 -0.1992948 0.01678019 0.06999999 -0.1986186 0.02346575 0.06999999 -0.1977182 0.03012484 0.06999999 -0.1965946 0.03674989 0.06999999 -0.1952491 0.04333347 0.06999999 -0.1936832 0.0498681 0.06999999 -0.1918986 0.05634647 0.06999999 -0.1898974 0.06276124 0.06999999 -0.1876818 0.06910514 0.06999999 -0.1852544 0.07537108 0.06999999 -0.1826179 0.0815519 0.06999999 -0.1797751 0.08764064 0.06999999 -0.1767295 0.09363049 0.06999999 -0.1734844 0.0995146 0.06999999 -0.1700434 0.1052864 0.06999999 -0.1670904 0.1099126 0.06 -0.1664105 0.1109393 0.06999999 -0.1633453 0.1154049 0.06 -0.1625897 0.1164671 0.06999999 -0.1594198 0.1207697 0.06 -0.1585854 0.1218633 0.06999999 -0.1553181 0.1260011 0.06 -0.154402 0.127122 0.06999999 -0.1510449 0.1310933 0.06 -0.1500444 0.1322371 0.06999999 -0.1466047 0.1360406 0.06 -0.1455174 0.137203 0.06999999 -0.1420026 0.1408377 0.06 -0.1408261 0.142014 0.06999999 -0.1372436 0.1454792 0.06 -0.1359758 0.1466647 0.06999999 -0.132333 0.1499599 0.06 -0.1309721 0.1511499 0.06999999 -0.1272762 0.154275 0.06 -0.1258205 0.1554644 0.06999999 -0.1220787 0.1584196 0.06 -0.1205269 0.1596034 0.06999999 -0.1167464 0.1623892 0.06 -0.1150972 0.1635622 0.06999999 -0.1112852 0.1661794 0.06 -0.1095376 0.1673365 0.06999999 -0.105701 0.169786 0.06 -0.1038544 0.1709218 0.06999999 -0.1 0.173205 0.06 -0.09805387 0.1743142 0.06999999 -0.09418851 0.1764327 0.06 -0.0921427 0.1775097 0.06999999 -0.08827298 0.1794655 0.06 -0.08612746 0.180505 0.06999999 -0.08225995 0.1823 0.06 -0.08001506 0.1832965 0.06999999 -0.07615602 0.1849331 0.06 -0.0738123 0.185881 0.06999999 -0.06996792 0.1873619 0.06 -0.06752622 0.1882557 0.06999999 -0.06370258 0.1895837 0.06 -0.0611639 0.1904178 0.06999999 -0.05736684 0.191596 0.06 -0.05473256 0.1923651 0.06999999 -0.05096769 0.1933967 0.06 -0.04823946 0.1940952 0.06999999 -0.04451227 0.1949837 0.06 -0.04169183 0.1956062 0.06999999 -0.03800767 0.1963553 0.06 -0.03509718 0.1968963 0.06999999 -0.03146106 0.19751 0.06 -0.02846294 0.1979643 0.06999999 -0.02487975 0.1984465 0.06 -0.02179652 0.1988087 0.06999999 -0.0182709 0.1991637 0.06 -0.01510554 0.1994287 0.06999999 -0.01164186 0.1996608 0.06 -0.008397459 0.1998236 0.06999999 -0.004999995 0.1999375 0.06 -0.001679956 0.1999929 0.06999999 -0.002447068 0.1999849 0.03397637 0 0.2 0.03499996 0.002447068 0.1999849 0.03397637 0.004999995 0.1999375 0.03290909 0.005039453 0.1999365 0.06999999 0.0117532 0.1996544 0.06999999 0.01845365 0.1991468 0.06999999 0.02513331 0.1984145 0.06999999 0.03178453 0.1974582 0.06999999 0.03839993 0.1962789 0.06999999 0.044972 0.1948782 0.06999999 0.05149328 0.1932574 0.06999999 0.05795639 0.1914185 0.06999999 0.06435418 0.1893635 0.06999999 0.07067924 0.1870947 0.06999999 0.0769245 0.1846147 0.06999999 0.08308297 0.1819264 0.06999999 0.08914762 0.1790326 0.06999999 0.09511166 0.1759368 0.06999999 0.1009684 0.1726424 0.06999999 0.106711 0.169153 0.06999999 0.1123332 0.1654727 0.06999999 0.1178287 0.1616057 0.06999999 0.1231911 0.1575561 0.06999999 0.1284145 0.1533288 0.06999999 0.1334928 0.1489284 0.06999999 0.1384205 0.1443598 0.06999999 0.1431919 0.1396282 0.06999999 0.1478018 0.1347391 0.06999999 0.1522447 0.1296979 0.06999999 0.1565158 0.1245102 0.06999999 0.1606102 0.119182 0.06999999 0.1645233 0.1137192 0.06999999 0.1682507 0.1081281 0.06999999 0.1717881 0.102415 0.06999999 0.1706509 0.1042988 0.03290909 0.1719589 0.102128 0.03396844 0.173205 0.1 0.03499996 0.1751316 0.09658616 0.06999999 0.1744248 0.09785676 0.03396844 0.1756509 0.09563857 0.03290909 0.1782775 0.09064835 0.06999999 0.1812221 0.08460819 0.06999999 0.1839621 0.07847255 0.06999999 0.1864944 0.07224833 0.06999999 0.1888163 0.06594252 0.06999999 0.1909249 0.05956226 0.06999999 0.1928181 0.05311477 0.06999999 0.1944935 0.04660737 0.06999999 0.1959495 0.04004734 0.06999999 0.1971842 0.03344208 0.06999999 0.1981964 0.02679908 0.06999999 0.1989848 0.0201258 0.06999999 0.1995486 0.01342982 0.06999999 0.1998871 0.006718695 0.06999999 -0.004999995 0.1999375 0.03290909 -0.004999995 0.1899999 0.06 0.1620448 0.09933012 0.03499996 0.1619524 0.09927678 0.03269326 0.1704114 0.1041606 0.03014016 0.1616762 0.09911727 0.03040623 0.1612183 0.09885293 0.02815842 0.1699822 0.1039128 0.02740192 0.1605828 0.098486 0.0259689 0.169366 0.1035569 0.02471172 0.159775 0.09801965 0.02385652 0.1685665 0.1030954 0.02208656 0.1588019 0.09745782 0.0218392 0.167589 0.1025311 0.01954299 0.1576718 0.09680533 0.01993411 0.1664397 0.1018674 0.01709717 0.1563942 0.09606772 0.0181576 0.1549801 0.09525132 0.01652473 0.1651256 0.1011088 0.01476448 0.1534416 0.09436303 0.01504951 0.1636552 0.1002599 0.01255977 0.1517918 0.09341049 0.01374453 0.1620378 0.09932607 0.01049685 0.1500447 0.09240186 0.01262086 0.1602836 0.09831327 0.00858885 0.1482153 0.0913456 0.01168817 0.1584036 0.09722787 0.006847798 0.1463192 0.0902509 0.01095432 0.1564099 0.09607678 0.005284726 0.1443725 0.089127 0.01042562 0.1543148 0.09486722 0.003909468 0.1423918 0.08798348 0.01010662 0.1521318 0.09360682 0.002730727 0.1498746 0.09230363 0.001755952 0.1403942 0.08683007 0.00999999 0.1475574 0.0909658 9.9141e-4 0.145195 0.08960187 4.4179e-4 0.1428022 0.08822035 1.10622e-4 0.1403942 0.08683007 0 0.02749997 0.02165061 0.00999999 0.02749997 0.02165061 0 0.1754114 0.09550034 0.03014016 0.1749822 0.09525251 0.02740192 0.1743659 0.09489673 0.02471172 0.1735665 0.09443515 0.02208656 0.1725891 0.09387081 0.01954299 0.1714397 0.09320724 0.01709717 0.1701256 0.09244853 0.01476448 0.1686552 0.09159964 0.01255977 0.1670379 0.09066581 0.01049685 0.1652836 0.08965301 0.00858885 0.1634036 0.08856761 0.006847798 0.1614099 0.08741652 0.005284726 0.1593148 0.08620697 0.003909468 0.1571318 0.08494657 0.002730727 0.1548746 0.08364337 0.001755952 0.1525574 0.08230555 9.9141e-4 0.150195 0.08094161 4.4179e-4 0.1478022 0.0795601 1.10622e-4 0.1453942 0.07816988 0 0.1453942 0.07816988 0.00999999 0.1473918 0.07932323 0.01010662 0.1493725 0.08046674 0.01042562 0.1513192 0.08159065 0.01095432 0.1532153 0.08268535 0.01168817 0.1550447 0.0837416 0.01262086 0.1567918 0.08475023 0.01374453 0.1584416 0.08570277 0.01504951 0.1599801 0.08659106 0.01652473 0.1613942 0.08740746 0.0181576 0.1626718 0.08814507 0.01993411 0.1638019 0.08879756 0.0218392 0.164775 0.0893594 0.02385652 0.1655828 0.08982574 0.0259689 0.1662183 0.09019267 0.02815842 0.1666762 0.09045702 0.03040623 0.1669524 0.09061652 0.03269326 0.1670448 0.09066987 0.03499996 0.03249996 0.01299035 0 0.03249996 0.01299035 0.00999999 0.1670448 -0.09066987 0.03499996 0.1669524 -0.09061652 0.03269326 0.1754114 -0.09550034 0.03014016 0.1666762 -0.09045702 0.03040623 0.1662183 -0.09019267 0.02815842 0.1749822 -0.09525251 0.02740192 0.1655828 -0.08982574 0.0259689 0.1743659 -0.09489673 0.02471172 0.164775 -0.0893594 0.02385652 0.1735665 -0.09443515 0.02208656 0.1638019 -0.08879756 0.0218392 0.1725891 -0.09387081 0.01954299 0.1626718 -0.08814507 0.01993411 0.1714397 -0.09320724 0.01709717 0.1613942 -0.08740746 0.0181576 0.1599801 -0.08659106 0.01652473 0.1701256 -0.09244853 0.01476448 0.1584416 -0.08570277 0.01504951 0.1686552 -0.09159964 0.01255977 0.1567918 -0.08475023 0.01374453 0.1670379 -0.09066581 0.01049685 0.1550447 -0.0837416 0.01262086 0.1652836 -0.08965301 0.00858885 0.1532153 -0.08268535 0.01168817 0.1634036 -0.08856761 0.006847798 0.1513192 -0.08159065 0.01095432 0.1614099 -0.08741652 0.005284726 0.1493725 -0.08046674 0.01042562 0.1593148 -0.08620697 0.003909468 0.1473918 -0.07932323 0.01010662 0.1571318 -0.08494657 0.002730727 0.1548746 -0.08364337 0.001755952 0.1453942 -0.07816988 0.00999999 0.1525574 -0.08230555 9.9141e-4 0.150195 -0.08094161 4.4179e-4 0.1478022 -0.0795601 1.10622e-4 0.1453942 -0.07816988 0 0.03249996 -0.01299035 0.00999999 0.03249996 -0.01299035 0 0.004999995 -0.1899999 0.03499996 0.004999995 -0.1898933 0.03269326 0.004999995 -0.1895743 0.03040623 0.004999995 -0.1890456 0.02815842 0.004999995 -0.1883118 0.0259689 0.004999995 -0.1873791 0.02385652 0.004999995 -0.1862554 0.0218392 0.004999995 -0.1849504 0.01993411 0.004999995 -0.1834752 0.0181576 0.004999995 -0.1818423 0.01652473 0.004999995 -0.1800658 0.01504951 0.004999995 -0.1781608 0.01374453 0.004999995 -0.1761434 0.01262086 0.004999995 -0.174031 0.01168817 0.004999995 -0.1718416 0.01095432 0.004999995 -0.1695937 0.01042562 0.004999995 -0.1673067 0.01010662 0.004999995 -0.165 0.00999999 0.004999995 -0.03464096 0.00999999 0.004999995 -0.03464096 0 -0.1620448 -0.09933012 0.03499996 -0.1619524 -0.09927678 0.03269326 -0.1616762 -0.09911727 0.03040623 -0.1612183 -0.09885293 0.02815842 -0.1605828 -0.098486 0.0259689 -0.159775 -0.09801965 0.02385652 -0.1588019 -0.09745782 0.0218392 -0.1576718 -0.09680533 0.01993411 -0.1563942 -0.09606772 0.0181576 -0.1549801 -0.09525132 0.01652473 -0.1534416 -0.09436303 0.01504951 -0.1517918 -0.09341049 0.01374453 -0.1500447 -0.09240186 0.01262086 -0.1482153 -0.0913456 0.01168817 -0.1463192 -0.0902509 0.01095432 -0.1443725 -0.089127 0.01042562 -0.1423918 -0.08798348 0.01010662 -0.1403942 -0.08683007 0.00999999 -0.02749997 -0.02165061 0.00999999 -0.02749997 -0.02165061 0 -0.1670448 0.09066987 0.03499996 -0.1669524 0.09061652 0.03269326 -0.1666762 0.09045702 0.03040623 -0.1662183 0.09019267 0.02815842 -0.1655828 0.08982574 0.0259689 -0.164775 0.0893594 0.02385652 -0.1638019 0.08879756 0.0218392 -0.1626718 0.08814507 0.01993411 -0.1613942 0.08740746 0.0181576 -0.1599801 0.08659106 0.01652473 -0.1584416 0.08570277 0.01504951 -0.1567918 0.08475023 0.01374453 -0.1550447 0.0837416 0.01262086 -0.1532153 0.08268535 0.01168817 -0.1513192 0.08159065 0.01095432 -0.1493725 0.08046674 0.01042562 -0.1473918 0.07932323 0.01010662 -0.1453942 0.07816988 0.00999999 -0.03249996 0.01299035 0.00999999 -0.03249996 0.01299035 0 -0.02577555 0.0236774 0 -0.02577555 0.0236774 0.00999999 -0.02390211 0.02556729 0 -0.02390211 0.02556729 0.00999999 -0.02189046 0.02730941 0 -0.02189046 0.02730941 0.00999999 -0.01975232 0.02889364 0 -0.01975232 0.02889364 0.00999999 -0.01749998 0.03031086 0 -0.01749998 0.03031086 0.00999999 -0.01514643 0.03155285 0 -0.01514643 0.03155285 0.00999999 -0.01270538 0.03261244 0 -0.01270538 0.03261244 0.00999999 -0.01019084 0.0334835 0 -0.01019084 0.0334835 0.00999999 -0.007617413 0.03416097 0 -0.007617413 0.03416097 0.00999999 -0.004999995 0.03464096 0 -0.004999995 0.03464096 0.00999999 -0.03339302 -0.01048356 0 -0.03339302 -0.01048356 0.00999999 -0.03409302 -0.007916152 0 -0.03409302 -0.007916152 0.00999999 -0.0345959 -0.005302965 0 -0.0345959 -0.005302965 0.00999999 -0.03489881 -0.002659142 0 -0.03489881 -0.002659142 0.00999999 -0.03499996 0 0 -0.03499996 0 0.00999999 -0.03489881 0.002659142 0 -0.03489881 0.002659142 0.00999999 -0.0345959 0.005302965 0 -0.0345959 0.005302965 0.00999999 -0.03409302 0.007916152 0 -0.03409302 0.007916152 0.00999999 -0.03339302 0.01048356 0 -0.03339302 0.01048356 0.00999999 -0.007617413 -0.03416097 0 -0.007617413 -0.03416097 0.00999999 -0.01019084 -0.0334835 0 -0.01019084 -0.0334835 0.00999999 -0.01270538 -0.03261244 0 -0.01270538 -0.03261244 0.00999999 -0.01514643 -0.03155285 0 -0.01514643 -0.03155285 0.00999999 -0.01749998 -0.03031086 0 -0.01749998 -0.03031086 0.00999999 -0.01975232 -0.02889364 0 -0.01975232 -0.02889364 0.00999999 -0.02189046 -0.02730941 0 -0.02189046 -0.02730941 0.00999999 -0.02390211 -0.02556729 0 -0.02390211 -0.02556729 0.00999999 -0.02577555 -0.0236774 0 -0.02577555 -0.0236774 0.00999999 0.02577555 -0.0236774 0 0.02577555 -0.0236774 0.00999999 0.02390211 -0.02556729 0 0.02390211 -0.02556729 0.00999999 0.02189046 -0.02730941 0 0.02189046 -0.02730941 0.00999999 0.01975232 -0.02889364 0 0.01975232 -0.02889364 0.00999999 0.01749998 -0.03031086 0 0.01749998 -0.03031086 0.00999999 0.01514643 -0.03155285 0 0.01514643 -0.03155285 0.00999999 0.01270538 -0.03261244 0 0.01270538 -0.03261244 0.00999999 0.01019084 -0.0334835 0 0.01019084 -0.0334835 0.00999999 0.007617413 -0.03416097 0 0.007617413 -0.03416097 0.00999999 0.02577555 0.0236774 0.00999999 0.02577555 0.0236774 0 0.02390211 0.02556729 0.00999999 0.02390211 0.02556729 0 0.02189046 0.02730941 0.00999999 0.02189046 0.02730941 0 0.01975232 0.02889364 0.00999999 0.01975232 0.02889364 0 0.01749998 0.03031086 0.00999999 0.01749998 0.03031086 0 0.01514643 0.03155285 0.00999999 0.01514643 0.03155285 0 0.01270538 0.03261244 0.00999999 0.01270538 0.03261244 0 0.01019084 0.0334835 0.00999999 0.01019084 0.0334835 0 0.007617413 0.03416097 0.00999999 0.007617413 0.03416097 0 0.004999995 0.03464096 0.00999999 0.004999995 0.03464096 0 0.03339302 0.01048356 0 0.03339302 0.01048356 0.00999999 0.03409302 0.007916152 0 0.03409302 0.007916152 0.00999999 0.0345959 0.005302965 0 0.0345959 0.005302965 0.00999999 0.03489881 0.002659142 0 0.03489881 0.002659142 0.00999999 0.03499996 0 0 0.03499996 0 0.00999999 0.03489881 -0.002659142 0 0.03489881 -0.002659142 0.00999999 0.0345959 -0.005302965 0 0.0345959 -0.005302965 0.00999999 0.03409302 -0.007916152 0 0.03409302 -0.007916152 0.00999999 0.03339302 -0.01048356 0 0.03339302 -0.01048356 0.00999999 0.01224291 0.008666574 0.00999999 0.01321518 0.00709635 0.00999999 0.01398706 0.005418598 0.00999999 0.01454693 0.003658652 0.00999999 0.01108509 0.01010543 0.00999999 0.009759247 0.01139104 0.00999999 0.008285462 0.01250398 0.00999999 0.006686031 0.01342743 0.00999999 0.004985272 0.01414728 0.00999999 0.003208994 0.01465272 0.00999999 0.001384019 0.01493597 0.00999999 -4.61926e-4 0.01499283 0.00999999 -0.002300858 0.01482248 0.00999999 -0.004104912 0.01442736 0.00999999 0.004999995 0.165 0.00999999 -0.004999995 0.165 0.00999999 -0.005846738 0.01381355 0.00999999 -0.007499992 0.01299035 0.00999999 -0.009039461 0.01197022 0.00999999 -0.01044195 0.01076865 0.00999999 -0.0116862 0.009403824 0.00999999 -0.01275324 0.007896482 0.00999999 -0.01362693 0.006269395 0.00999999 -0.01429408 0.004547238 0.00999999 -0.01474457 0.002756237 0.00999999 -0.01497155 9.23414e-4 0.00999999 -0.01497155 -9.23414e-4 0.00999999 -0.01474457 -0.002756237 0.00999999 -0.01429408 -0.004547238 0.00999999 -0.01362693 -0.006269395 0.00999999 -0.01275324 -0.007896482 0.00999999 -0.0116862 -0.009403824 0.00999999 -0.01044195 -0.01076865 0.00999999 -0.009039461 -0.01197022 0.00999999 -0.007499992 -0.01299035 0.00999999 -0.005846738 -0.01381355 0.00999999 -0.004104912 -0.01442736 0.00999999 -4.61926e-4 -0.01499283 0.00999999 0.001384019 -0.01493597 0.00999999 0.003208994 -0.01465272 0.00999999 0.004985272 -0.01414728 0.00999999 0.006686031 -0.01342743 0.00999999 0.008285462 -0.01250398 0.00999999 0.009759247 -0.01139104 0.00999999 0.01108509 -0.01010543 0.00999999 0.01224291 -0.008666574 0.00999999 0.01321518 -0.00709635 0.00999999 0.01398706 -0.005418598 0.00999999 0.01454693 -0.003658652 0.00999999 0.01488626 -0.001843273 0.00999999 0.01499998 0 0.00999999 0.01488626 0.001843273 0.00999999 -0.002300858 -0.01482248 0.00999999 0.004999995 0.1899999 0.03499996 0.004999995 0.1898933 0.03269326 0.004999995 0.1996609 0.03014016 0.004999995 0.1895743 0.03040623 0.004999995 0.1890456 0.02815842 0.004999995 0.1991653 0.02740192 0.004999995 0.1883118 0.0259689 0.004999995 0.1984537 0.02471172 0.004999995 0.1873791 0.02385652 0.004999995 0.1975306 0.02208656 0.004999995 0.1862554 0.0218392 0.004999995 0.1964019 0.01954299 0.004999995 0.1849504 0.01993411 0.004999995 0.1950747 0.01709717 0.004999995 0.1834752 0.0181576 0.004999995 0.1818423 0.01652473 0.004999995 0.1935574 0.01476448 0.004999995 0.1800658 0.01504951 0.004999995 0.1918596 0.01255977 0.004999995 0.1781608 0.01374453 0.004999995 0.1899919 0.01049685 0.004999995 0.1761434 0.01262086 0.004999995 0.1879663 0.00858885 0.004999995 0.174031 0.01168817 0.004999995 0.1857956 0.006847798 0.004999995 0.1718416 0.01095432 0.004999995 0.1834933 0.005284726 0.004999995 0.1695937 0.01042562 0.004999995 0.1810742 0.003909468 0.004999995 0.1673067 0.01010662 0.004999995 0.1785534 0.002730727 0.004999995 0.175947 0.001755952 0.004999995 0.1732714 9.9141e-4 0.004999995 0.1705434 4.4179e-4 0.004999995 0.1677805 1.10622e-4 0.004999995 0.165 0 -0.004999995 0.1899999 0.03499996 -0.004999995 0.1898933 0.03269326 -0.004999995 0.1996609 0.03014016 -0.004999995 0.1895743 0.03040623 -0.004999995 0.1890456 0.02815842 -0.004999995 0.1991653 0.02740192 -0.004999995 0.1883118 0.0259689 -0.004999995 0.1984537 0.02471172 -0.004999995 0.1873791 0.02385652 -0.004999995 0.1975306 0.02208656 -0.004999995 0.1862554 0.0218392 -0.004999995 0.1964019 0.01954299 -0.004999995 0.1849504 0.01993411 -0.004999995 0.1950747 0.01709717 -0.004999995 0.1834752 0.0181576 -0.004999995 0.1818423 0.01652473 -0.004999995 0.1935574 0.01476448 -0.004999995 0.1800658 0.01504951 -0.004999995 0.1918596 0.01255977 -0.004999995 0.1781608 0.01374453 -0.004999995 0.1899919 0.01049685 -0.004999995 0.1761434 0.01262086 -0.004999995 0.1879663 0.00858885 -0.004999995 0.174031 0.01168817 -0.004999995 0.1857956 0.006847798 -0.004999995 0.1718416 0.01095432 -0.004999995 0.1834933 0.005284726 -0.004999995 0.1695937 0.01042562 -0.004999995 0.1810742 0.003909468 -0.004999995 0.1673067 0.01010662 -0.004999995 0.1785534 0.002730727 -0.004999995 0.175947 0.001755952 -0.004999995 0.1732714 9.9141e-4 -0.004999995 0.1705434 4.4179e-4 -0.004999995 0.1677805 1.10622e-4 -0.004999995 0.165 0 0.01488626 0.001843273 0 0.01499998 0 0 0.01488626 -0.001843273 0 0.01454693 -0.003658652 0 0.01398706 -0.005418598 0 0.01321518 -0.00709635 0 0.01224291 -0.008666574 0 0.01108509 -0.01010543 0 0.009759247 -0.01139104 0 0.008285462 -0.01250398 0 0.006686031 -0.01342743 0 0.004985272 -0.01414728 0 0.003208994 -0.01465272 0 0.001384019 -0.01493597 0 -4.61926e-4 -0.01499283 0 -0.002300858 -0.01482248 0 -0.004104912 -0.01442736 0 -0.005846738 -0.01381355 0 -0.007499992 -0.01299035 0 -0.009039461 -0.01197022 0 -0.01044195 -0.01076865 0 -0.0116862 -0.009403824 0 -0.01275324 -0.007896482 0 -0.01362693 -0.006269395 0 -0.01429408 -0.004547238 0 -0.01474457 -0.002756237 0 -0.01497155 -9.23414e-4 0 -0.01497155 9.23414e-4 0 -0.01474457 0.002756237 0 -0.01429408 0.004547238 0 -0.01362693 0.006269395 0 -0.01275324 0.007896482 0 -0.0116862 0.009403824 0 -0.01044195 0.01076865 0 -0.009039461 0.01197022 0 -0.007499992 0.01299035 0 -0.005846738 0.01381355 0 -0.004104912 0.01442736 0 -0.002300858 0.01482248 0 -4.61926e-4 0.01499283 0 0.001384019 0.01493597 0 0.003208994 0.01465272 0 0.004985272 0.01414728 0 0.006686031 0.01342743 0 0.008285462 0.01250398 0 0.009759247 0.01139104 0 0.01108509 0.01010543 0 0.01224291 0.008666574 0 0.01321518 0.00709635 0 0.01398706 0.005418598 0 0.01454693 0.003658652 0</float_array>
          <technique_common>
            <accessor source="#blade_guard-mesh-positions-array" count="1461" stride="3">
              <param name="X" type="float"/>
              <param name="Y" type="float"/>
              <param name="Z" type="float"/>
            </accessor>
          </technique_common>
        </source>
        <source id="blade_guard-mesh-normals">
          <float_array id="blade_guard-mesh-normals-array" count="8838">-0.5000001 -0.8660253 0 -0.5000002 -0.8660253 -4.55565e-7 -0.5000001 -0.8660253 -1.96633e-6 -0.4999996 -0.8660257 7.80719e-7 -0.4999996 -0.8660256 -2.03316e-6 -0.5000001 -0.8660253 0 -0.5000005 -0.8660252 3.10883e-6 -0.5000007 -0.866025 -2.60292e-7 -0.5000004 -0.8660252 -2.84031e-6 -0.5000001 -0.8660253 0 -0.5000002 -0.8660253 9.00381e-7 -0.5 -0.8660255 2.26685e-6 -0.4999999 -0.8660255 1.28099e-7 -0.4999999 -0.8660255 2.64788e-7 -0.5 -0.8660255 -1.0202e-6 -0.4999994 -0.8660257 9.64005e-7 -0.4999997 -0.8660256 -1.89189e-6 -0.4999998 -0.8660256 0 -0.4999995 -0.8660257 1.64883e-6 -0.4999996 -0.8660256 -2.40691e-7 -0.5000003 -0.8660253 -3.83964e-6 -0.4999998 -0.8660255 1.91021e-6 -0.5000005 -0.8660252 -6.87421e-7 -0.5000003 -0.8660253 2.36806e-7 -0.5000009 -0.8660249 -1.62868e-6 -0.500001 -0.8660249 -1.64349e-6 -0.4999982 -0.8660264 5.72245e-6 -0.4999996 -0.8660256 4.65428e-7 -0.4999998 -0.8660256 0 -0.4999997 -0.8660256 0 -0.5000013 -0.8660247 -3.03732e-6 -0.5000003 -0.8660252 -4.56895e-7 -0.5 -0.8660255 1.20513e-7 -0.5000016 -0.8660245 -1.84747e-6 -0.4999997 -0.8660256 9.56485e-7 -0.4999994 -0.8660258 1.24927e-6 -0.5000013 -0.8660247 0 -0.5000014 -0.8660246 0 -0.5 -0.8660255 0 -0.5 -0.8660255 0 0 -0.999014 -0.04439657 0 -0.999014 -0.04439657 0 -0.99505 -0.09937572 0 -0.9998915 -0.01473069 0 -0.99505 -0.09937572 0 -0.9840108 -0.1781086 0 -0.9840108 -0.1781086 0 -0.9667503 -0.2557222 0 -0.9667503 -0.2557222 0 -0.9433803 -0.3317133 0 -0.9433803 -0.3317133 0 -0.9140439 -0.4056155 0 -0.9140439 -0.4056155 0 -0.8789342 -0.4769432 0 -0.8789342 -0.4769432 0 -0.8382636 -0.5452651 0 -0.8382636 -0.5452651 0 -0.7922976 -0.6101348 0 -0.7922976 -0.6101348 0 -0.7413228 -0.6711487 0 -0.7413228 -0.6711487 0 -0.6856608 -0.7279212 0 -0.6856608 -0.7279212 0 -0.6256642 -0.7800925 0 -0.6256642 -0.7800925 0 -0.5617127 -0.8273323 0 -0.5617127 -0.8273323 0 -0.4942138 -0.8693404 0 -0.4942138 -0.8693404 0 -0.4235857 -0.905856 0 -0.4235857 -0.905856 0 -0.3502835 -0.9366438 0 -0.3502835 -0.9366438 0 -0.2747657 -0.9615111 0 -0.2747657 -0.9615111 0 -0.1975111 -0.9803007 0 -0.1975111 -0.9803007 0 -0.1190087 -0.9928932 0 -0.1190087 -0.9928932 0 -0.03975319 -0.9992095 0 -0.03975319 -0.9992095 -1 0 0 -1 0 0 -1 0 0 -1 0 0 -1 0 0 -1 0 0 -1 0 0 -1 0 0 -1 0 0 -1 0 0 -1 0 0 -1 0 0 -1 0 0 -1 0 0 -1 0 0 -1 0 0 -1 0 0 -1 0 0 -1 0 0 -1 0 0 -1 0 0 -1 0 0 -1 0 0 -1 0 0 -1 0 0 -1 0 0 -1 0 0 -1 0 0 -1 0 0 -1 0 0 -1 0 0 -1 0 0 -1 0 0 -1 0 0 -1 0 0 -1 0 0 -1 0 0 -1 0 0 -1 0 0 -1 0 0 -0.8651647 -0.4995015 -0.04458993 -0.8651645 -0.4995023 -0.04458445 -0.8617391 -0.4975247 -0.0993725 -0.8659316 -0.4999443 -0.01476311 -0.8617391 -0.4975247 -0.0993725 -0.8521785 -0.4920049 -0.1781092 -0.8521772 -0.4920056 -0.1781138 -0.83723 -0.4833758 -0.255722 -0.8372316 -0.4833753 -0.2557177 -0.8169913 -0.4716895 -0.3317141 -0.8169889 -0.4716899 -0.3317193 -0.7915859 -0.4570235 -0.4056122 -0.7915865 -0.4570235 -0.4056112 -0.7611778 -0.4394669 -0.4769458 -0.7611801 -0.4394669 -0.4769421 -0.7259576 -0.4191313 -0.5452655 -0.7259576 -0.4191313 -0.5452654 -0.68615 -0.3961484 -0.610135 -0.68615 -0.3961484 -0.610135 -0.6420054 -0.3706615 -0.6711477 -0.6420029 -0.3706612 -0.6711502 -0.5937995 -0.3428308 -0.7279211 -0.5937995 -0.3428308 -0.7279211 -0.5418403 -0.3128322 -0.7800931 -0.5418426 -0.3128325 -0.7800912 -0.4864596 -0.2808573 -0.8273308 -0.4864568 -0.2808566 -0.8273327 -0.427999 -0.247106 -0.869342 -0.4280017 -0.2471066 -0.8693405 -0.3668364 -0.2117928 -0.9058558 -0.3668364 -0.2117928 -0.9058558 -0.3033545 -0.1751415 -0.9366438 -0.3033545 -0.1751415 -0.9366438 -0.237954 -0.1373826 -0.9615113 -0.237954 -0.1373826 -0.9615113 -0.1710503 -0.09875577 -0.9803005 -0.1710494 -0.09875553 -0.9803007 -0.1030644 -0.05950433 -0.9928932 -0.1030642 -0.05950427 -0.9928933 -0.03442722 -0.01987659 -0.9992095 -0.0344274 -0.01987665 -0.9992095 -0.5000008 0.866025 0 -0.5000008 0.8660249 4.21183e-7 -0.5000008 0.8660249 1.83524e-6 -0.4999995 0.8660257 -4.02635e-6 -0.4999996 0.8660256 2.03316e-6 -0.5000008 0.866025 0 -0.5 0.8660254 -2.59069e-7 -0.4999998 0.8660255 -2.37266e-6 -0.4999996 0.8660257 2.5821e-7 -0.4999995 0.8660256 2.01246e-7 -0.4999996 0.8660256 -3.85878e-7 -0.5000003 0.8660252 4.39202e-6 -0.5000004 0.8660252 2.17768e-6 -0.4999999 0.8660255 -2.64788e-7 -0.4999998 0.8660255 -2.0404e-6 -0.5 0.8660255 -1.45626e-6 -0.5000002 0.8660253 1.27593e-6 -0.5000002 0.8660253 -4.85096e-7 -0.5 0.8660254 -2.31728e-6 -0.5000001 0.8660254 -2.40692e-7 -0.4999998 0.8660255 -1.21965e-6 -0.5000001 0.8660253 1.43266e-6 -0.4999991 0.8660258 -2.38306e-6 -0.4999996 0.8660256 4.73611e-7 -0.5000003 0.8660252 3.1643e-6 -0.4999995 0.8660256 -4.69567e-7 -0.5000011 0.8660248 3.54698e-6 -0.5000001 0.8660254 -4.65429e-7 -0.4999999 0.8660255 -6.73538e-7 -0.4999999 0.8660255 -9.22403e-7 -0.4999991 0.8660259 -2.49843e-6 -0.5000003 0.8660252 4.56895e-7 -0.5 0.8660255 -1.20513e-7 -0.4999993 0.8660258 -9.01208e-7 -0.4999996 0.8660256 -4.78243e-7 -0.5000014 0.8660246 1.43667e-6 -0.4999992 0.8660258 0 -0.4999991 0.8660259 0 -0.5 0.8660253 0 -0.5 0.8660253 0 -0.865165 0.4995017 -0.04458266 -0.8651643 0.4995023 -0.04458802 -0.8617391 0.4975247 -0.0993725 -0.8659316 0.4999443 -0.01476311 -0.8617391 0.4975247 -0.0993725 -0.8521778 0.4920045 -0.1781137 -0.8521779 0.492006 -0.1781092 -0.837231 0.4833764 -0.2557177 -0.8372306 0.4833747 -0.2557221 -0.8169897 0.4716886 -0.3317194 -0.8169905 0.4716909 -0.331714 -0.7915863 0.4570237 -0.4056112 -0.7915861 0.4570232 -0.4056122 -0.7611795 0.4394679 -0.4769422 -0.7611783 0.4394659 -0.4769458 -0.7259576 0.4191313 -0.5452655 -0.7259576 0.4191313 -0.5452654 -0.68615 0.3961484 -0.610135 -0.68615 0.3961484 -0.6101349 -0.6420034 0.3706604 -0.6711502 -0.6420049 0.3706623 -0.6711476 -0.5937995 0.3428308 -0.7279211 -0.5937995 0.3428308 -0.7279211 -0.5418422 0.3128333 -0.7800912 -0.5418407 0.3128314 -0.780093 -0.4864572 0.2808559 -0.8273327 -0.4864592 0.280858 -0.8273308 -0.4280012 0.2471072 -0.8693405 -0.4279994 0.2471053 -0.869342 -0.3668364 0.2117928 -0.9058558 -0.3668364 0.2117928 -0.9058559 -0.3033545 0.1751415 -0.9366438 -0.3033545 0.1751415 -0.9366438 -0.237954 0.1373826 -0.9615113 -0.237954 0.1373826 -0.9615113 -0.1710495 0.09875535 -0.9803007 -0.1710501 0.09875601 -0.9803005 -0.1030642 0.05950427 -0.9928932 -0.1030644 0.05950438 -0.9928932 -0.03442734 0.01987671 -0.9992095 -0.03442722 0.01987653 -0.9992095 0.5000001 0.8660253 0 0.5000002 0.8660253 -4.55565e-7 0.5000001 0.8660253 -1.96633e-6 0.4999996 0.8660257 7.80719e-7 0.4999996 0.8660256 -2.03316e-6 0.5000001 0.8660253 0 0.5000005 0.8660252 3.10883e-6 0.5000007 0.866025 -2.60292e-7 0.5000004 0.8660252 -2.84031e-6 0.5000001 0.8660253 0 0.5000002 0.8660253 9.00381e-7 0.5 0.8660255 2.26685e-6 0.4999999 0.8660255 1.28099e-7 0.4999999 0.8660255 2.64788e-7 0.5 0.8660255 -1.0202e-6 0.4999994 0.8660257 9.64005e-7 0.4999997 0.8660256 -1.89189e-6 0.4999998 0.8660256 0 0.4999995 0.8660257 1.64883e-6 0.4999996 0.8660256 -2.40691e-7 0.5000003 0.8660253 -3.83964e-6 0.4999998 0.8660255 1.91021e-6 0.5000005 0.8660252 -6.87421e-7 0.5000003 0.8660253 2.36806e-7 0.5000009 0.8660249 -1.62868e-6 0.500001 0.8660249 -1.64349e-6 0.4999982 0.8660264 5.72245e-6 0.4999996 0.8660256 4.65428e-7 0.4999998 0.8660256 0 0.4999997 0.8660256 0 0.5000013 0.8660247 -3.03732e-6 0.5000003 0.8660252 -4.56895e-7 0.5 0.8660255 1.20513e-7 0.5000016 0.8660245 -1.84747e-6 0.4999997 0.8660256 9.56485e-7 0.4999994 0.8660258 1.24927e-6 0.5000013 0.8660247 0 0.5000014 0.8660246 0 0.5 0.8660255 0 0.5 0.8660255 0 0 0 -1 0 0 -1 0 0 -1 0 0 -1 0 0 -1 0 0 -1 0 0 -1 0 0 -1 0 0 -1 0 0 -1 0 0 -1 0 0 -1 0 0 -1 0 0 -1 0 0 -1 0 0 -1 0 0 -1 0 0 -1 0 0 -1 0 0 -1 0 0 -1 0 0 -1 0 0 -1 0 0 -1 0 0 -1 0 0 -1 0 0 -1 0 0 -1 0 0 -1 0 0 -1 0 0 -1 0 0 -1 0 0 -1 0 0 -1 0 0 -1 0 0 -1 0 0 -1 0 0 -1 0 0 -1 0 0 -1 0 0 -1 0 0 -1 0 0 -1 0 0 -1 0 0 -1 0 0 -1 0 0 -1 0 0 -1 0 0 -1 0 0 -1 0 0 -1 0 0 -1 0 0 -1 0 0 -1 0 0 -1 0 0 -1 0 0 -1 0 0 -1 0 0 -1 0 0 -1 0 0 -1 0 0 -1 0 0 -1 0 0 -1 0 0 -1 0 0 -1 0 0 -1 0 0 -1 0 0 -1 0 0 -1 0 0 -1 0 0 -1 0 0 -1 0 0 -1 0 0 -1 0 0 -1 0 0 -1 0 0 -1 0 0 -1 0 0 -1 0 0 -1 0 0 -1 0 0 -1 0 0 -1 0 0 -1 0 0 -1 0 0 -1 0 0 -1 0 0 -1 0 0 -1 0 0 -1 0 0 -1 0 0 -1 0 0 -1 0 0 -1 0 0 -1 0 0 -1 0 0 -1 0 0 -1 0 0 -1 0 0 -1 0 0 -1 0 0 -1 0 0 -1 0 0 -1 0 0 -1 0 0 -1 0 0 -1 0 0 -1 0 0 -1 0 0 -1 0 0 -1 0 0 -1 0 0 -1 0 0 -1 0 0 -1 0 0 -1 0 0 -1 0 0 -1 0 0 -1 0 0 -1 0 0 -1 0 0 -1 0 0 -1 0 0 -1 0 0 -1 0 0 -1 0 0 -1 0 0 -1 0 0 -1 0 0 -1 0 0 -1 0 0 -1 0 0 -1 0 0 -1 0 0 -1 0 0 -1 0 0 -1 0 0 -1 0 0 -1 0 0 -1 0 0 -1 0 0 -1 0 0 -1 0 0 -1 0 0 -1 0 0 -1 0 0 -1 0 0 -1 0 0 -1 0 0 -1 0 0 -1 0 0 -1 0 0 -1 0 0 -1 0 0 -1 0 0 -1 0 0 -1 0 0 -1 0 0 -1 0 0 -1 0 0 -1 0 0 -1 0 0 -1 0 0 -1 0 0 -1 0 0 -1 0 0 -1 0 0 -1 0 0 -1 0 0 -1 0 0 -1 0 0 -1 0 0 -1 0 0 -1 0 0 -1 0 0 -1 0 0 -1 0 0 -1 0 0 -1 0 0 -1 0 0 -1 0 0 -1 0 0 -1 0 0 -1 0 0 -1 0 0 -1 0 0 -1 0 0 -1 0 0 -1 0 0 -1 0 0 -1 0 0 -1 0 0 -1 0 0 -1 0 0 -1 0 0 -1 0 0 -1 0 0 -1 0 0 -1 0 0 -1 0 0 -1 0 0 -1 0 0 -1 0 0 -1 0 0 -1 0 0 -1 0 0 -1 0 0 -1 0 0 -1 0 0 -1 0 0 -1 0 0 -1 0 0 -1 0 0 -1 0 0 -1 0 0 -1 0 0 -1 0 0 -1 0 0 -1 0 0 -1 0 0 -1 0 0 -1 0 0 -1 0 0 -1 0 0 -1 0 0 -1 0 0 -1 0 0 -1 0 0 -1 0 0 -1 0 0 -1 0 0 -1 0 0 -1 0 0 -1 0 0 -1 0 0 -1 0 0 -1 0 0 -1 0 0 -1 0 0 -1 0 0 -1 0 0 -1 0 0 -1 0 0 -1 0 0 -1 0 0 -1 0 0 -1 0 0 -1 0 0 -1 0 0 -1 0 0 -1 0 0 -1 0 0 -1 0 0 -1 0 0 -1 0 0 -1 0 0 -1 0 0 -1 0 0 -1 0 0 -1 0 0 -1 0 0 -1 0 0 -1 0 0 -1 0 0 -1 0 0 -1 0 0 -1 0 0 -1 0 0 -1 0 0 -1 0 0 -1 0 0 -1 0 0 -1 0 0 -1 0 0 -1 0 0 -1 0 0 -1 0 0 -1 0 0 -1 0 0 -1 0 0 -1 0 0 -1 0 0 -1 0 0 -1 0 0 -1 0 0 -1 0 0 -1 0 0 -1 0 0 -1 0 0 -1 0 0 -1 0 0 -1 0 0 -1 0 0 -1 0 0 -1 0 0 -1 0 0 -1 0 0 -1 0 0 -1 0 0 -1 0 0 -1 0 0 -1 0 0 -1 0 0 -1 0 0 -1 0 0 -1 0 0 -1 0 0 -1 0 0 -1 0 0 -1 0 0 -1 0 0 -1 0 0 -1 0 0 -1 -0.9998471 -0.01725912 -0.002828359 -0.9999964 0 0.002710461 -0.9998471 0.01725912 -0.002828359 -0.9994259 0.0337724 0.002705633 -0.9986554 0.05176156 -0.002818584 -0.9977149 0.06751 0.002689301 -0.9962739 0.08620041 -0.002797544 -0.9948657 0.1011686 0.002663254 -0.9927051 0.1205371 -0.002766072 -0.9908814 0.1347113 0.002626359 -0.9879534 0.1547282 -0.00272417 -0.9857668 0.1680983 0.002578854 -0.9820238 0.1887377 -0.002673089 -0.9795265 0.2012994 0.002520859 -0.9749247 0.2225201 -0.00260955 -0.9721698 0.2342643 0.002452611 -0.9666637 0.2560368 -0.002536833 -0.963703 0.2669663 0.002374708 -0.9572502 0.289251 -0.002452373 -0.9541361 0.2993642 0.002286672 -0.9466959 0.3221199 -0.002356827 -0.9434821 0.3314164 0.002187132 -0.9350134 0.3546052 -0.002252757 -0.9317508 0.3630924 0.00207591 -0.9222174 0.3866659 -0.002138674 -0.9189561 0.3943552 0.001955389 -0.908322 0.418267 -0.002012968 -0.9051129 0.4251676 0.001824736 -0.8933444 0.4493688 -0.001876413 -0.8902372 0.455494 0.00168389 -0.8773013 0.479937 -0.001729428 -0.8743453 0.4853019 0.001532196 -0.8602133 0.509932 -0.001572132 -0.8574569 0.514554 0.001369357 -0.8421005 0.5393187 -0.001405179 -0.8395888 0.5432211 0.00119692 -0.8229834 0.568064 -0.001226723 -0.8207632 0.5712677 0.001013696 -0.8028854 0.5961326 -0.001038253 -0.8010008 0.5986627 8.19678e-4 -0.7818304 0.6234906 -8.39576e-4 -0.7803243 0.6253748 6.15021e-4 -0.7598458 0.650103 -6.30433e-4 -0.7587591 0.6513713 4.00245e-4 -0.7369526 0.6759443 -4.10762e-4 -0.7363253 0.6766278 1.7487e-4 -0.7131838 0.7009772 -1.80544e-4 -0.713052 0.7011111 -5.92914e-5 -0.6889674 0.7247924 5.98172e-5 -0.9994259 -0.0337724 0.002705633 -0.9986554 -0.05176156 -0.002818584 -0.9977149 -0.06751 0.002689301 -0.9962739 -0.08620041 -0.002797544 -0.9948657 -0.1011686 0.002663254 -0.9927051 -0.1205371 -0.002766072 -0.9908814 -0.1347113 0.002626359 -0.9879534 -0.1547282 -0.00272417 -0.9857668 -0.1680983 0.002578854 -0.9820238 -0.1887377 -0.002673089 -0.9795265 -0.2012994 0.002520859 -0.9749247 -0.2225201 -0.00260955 -0.9721698 -0.2342643 0.002452611 -0.9666637 -0.2560368 -0.002536833 -0.963703 -0.2669662 0.002374708 -0.9572502 -0.2892511 -0.002452373 -0.9541361 -0.2993642 0.002286732 -0.9466959 -0.32212 -0.002356827 -0.9434822 -0.3314164 0.002187132 -0.9350134 -0.3546052 -0.002252757 -0.9317508 -0.3630924 0.00207591 -0.9222174 -0.3866659 -0.002138674 -0.9189561 -0.3943552 0.001955389 -0.908322 -0.418267 -0.002012968 -0.9051129 -0.4251676 0.001824736 -0.8933444 -0.4493688 -0.001876413 -0.8902372 -0.455494 0.00168395 -0.8773013 -0.4799369 -0.001729428 -0.8743453 -0.4853019 0.001532196 -0.8602133 -0.509932 -0.001572132 -0.8574569 -0.514554 0.001369357 -0.8421005 -0.5393187 -0.001405179 -0.8395888 -0.5432212 0.00119692 -0.8229834 -0.568064 -0.001226723 -0.8207632 -0.5712677 0.001013696 -0.8028854 -0.5961326 -0.001038253 -0.8010008 -0.5986628 8.19692e-4 -0.7818304 -0.6234906 -8.39576e-4 -0.7803243 -0.6253748 6.15033e-4 -0.7598458 -0.650103 -6.30431e-4 -0.7587591 -0.6513713 4.00237e-4 -0.7369526 -0.6759442 -4.10762e-4 -0.7363253 -0.6766278 1.74866e-4 -0.7131838 -0.7009772 -1.80545e-4 -0.713052 -0.7011111 -5.92699e-5 -0.6889674 -0.7247924 5.98173e-5 -0.6885632 -0.7251763 -2.95961e-4 -0.6640947 -0.7476483 2.89851e-4 -0.6631229 -0.7485103 -5.20928e-4 -0.6384649 -0.7696509 5.09976e-4 -0.6368907 -0.7709538 -7.36604e-4 -0.6121058 -0.7907756 7.1835e-4 -0.6099024 -0.792476 -9.40326e-4 -0.5850479 -0.8109983 9.18014e-4 -0.5821841 -0.8130562 -0.001133859 -0.5573252 -0.8302937 0.001106381 -0.5537745 -0.8326656 -0.001317918 -0.5289632 -0.8486438 0.001283824 -0.5247051 -0.8512828 -0.001489639 -0.5000003 -0.866024 0.001452505 -0.495008 -0.8688868 -0.001652479 -0.4704633 -0.882418 0.001609206 -0.4647222 -0.8854547 -0.001803338 -0.4403939 -0.8978029 0.001756489 -0.4338818 -0.9009678 -0.001945674 -0.4098203 -0.9121643 0.001891493 -0.4025276 -0.9154055 -0.002076625 -0.3787782 -0.9254854 0.002017617 -0.3706901 -0.928754 -0.002196907 -0.3473043 -0.9377501 0.002132773 -0.3384115 -0.9409953 -0.002307057 -0.3154337 -0.9489451 0.002237319 -0.3057311 -0.9521149 -0.002406001 -0.2832047 -0.9590566 0.002332091 -0.2726847 -0.9621003 -0.002495348 -0.2506534 -0.9680739 0.00241506 -0.2393159 -0.9709384 -0.002574622 -0.217812 -0.9759876 0.002488553 -0.2056584 -0.9786203 -0.002642214 -0.1847246 -0.9827871 0.002551496 -0.171758 -0.9851354 -0.002699613 -0.1514279 -0.9884648 0.002603769 -0.1376531 -0.9904767 -0.002747237 -0.1179574 -0.9930151 0.002645134 -0.1033846 -0.9946376 -0.002784132 -0.08434975 -0.9964327 0.002677202 -0.06899124 -0.9976134 -0.002809226 -0.05064934 -0.9987128 0.0026986 -0.03451603 -0.9994002 -0.002825021 -0.01688849 -0.9998537 0.002709269 0 -0.999996 -0.00282967 0.01688849 -0.9998537 0.002709269 0.03451603 -0.9994002 -0.002825021 0.05064934 -0.9987128 0.0026986 0.06899124 -0.9976134 -0.002809226 0.08434975 -0.9964327 0.002677202 0.1033846 -0.9946376 -0.002784132 0.1179574 -0.9930151 0.002645134 0.1376531 -0.9904767 -0.002747237 0.1514279 -0.9884648 0.002603769 0.171758 -0.9851354 -0.002699613 0.1847246 -0.9827871 0.002551496 0.2056584 -0.9786203 -0.002642214 0.217812 -0.9759876 0.002488553 0.2393159 -0.9709384 -0.002574622 0.2506534 -0.9680739 0.00241506 0.2726847 -0.9621003 -0.002495348 0.2832047 -0.9590566 0.002332091 0.3057311 -0.9521149 -0.002406001 0.3154337 -0.9489451 0.002237319 0.3384115 -0.9409953 -0.002307057 0.3473043 -0.9377501 0.002132773 0.3706901 -0.928754 -0.002196907 0.3787782 -0.9254854 0.002017617 0.4025276 -0.9154055 -0.002076625 0.4098203 -0.9121643 0.001891493 0.4338818 -0.9009678 -0.001945674 0.4403939 -0.8978029 0.001756489 0.4647222 -0.8854547 -0.001803338 0.4704633 -0.882418 0.001609206 0.495008 -0.8688868 -0.001652419 0.5000003 -0.866024 0.001452505 0.5247051 -0.8512828 -0.001489579 0.5289632 -0.8486438 0.001283824 0.5537745 -0.8326656 -0.001317918 0.5573252 -0.8302937 0.001106381 0.5821841 -0.8130562 -0.001133859 0.5850479 -0.8109983 9.18014e-4 0.6099024 -0.792476 -9.40316e-4 0.6121058 -0.7907756 7.1835e-4 0.6368907 -0.7709538 -7.36606e-4 0.6384649 -0.7696509 5.09976e-4 0.6631229 -0.7485103 -5.20922e-4 0.6640947 -0.7476483 2.89851e-4 0.6885632 -0.7251763 -2.95966e-4 0.6889674 -0.7247924 5.98173e-5 0.713052 -0.7011111 -5.92699e-5 0.7131838 -0.7009772 -1.80539e-4 0.7363253 -0.6766278 1.74866e-4 0.7369526 -0.6759442 -4.10775e-4 0.7587591 -0.6513713 4.00237e-4 0.7598458 -0.650103 -6.30443e-4 0.7803243 -0.6253748 6.15033e-4 0.7818304 -0.6234906 -8.39574e-4 0.8010008 -0.5986628 8.19692e-4 0.8028854 -0.5961326 -0.001038193 0.8207632 -0.5712677 0.001013696 0.8229834 -0.568064 -0.001226723 0.8395888 -0.5432212 0.00119692 0.8421005 -0.5393187 -0.001405179 0.8574569 -0.514554 0.001369357 0.8602133 -0.509932 -0.001572132 0.8743453 -0.4853019 0.001532196 0.8773013 -0.4799369 -0.001729428 0.8902372 -0.455494 0.00168395 0.8933444 -0.4493688 -0.001876413 0.9051129 -0.4251676 0.001824736 0.908322 -0.418267 -0.002012968 0.9189561 -0.3943552 0.001955389 0.9222174 -0.3866659 -0.002138674 0.9317508 -0.3630924 0.00207591 0.9350134 -0.3546052 -0.002252757 0.9434822 -0.3314164 0.002187132 0.9466959 -0.32212 -0.002356827 0.9541361 -0.2993642 0.002286732 0.9572502 -0.2892511 -0.002452373 0.963703 -0.2669662 0.002374708 0.9666637 -0.2560368 -0.002536833 0.9721698 -0.2342643 0.002452611 0.9749247 -0.2225201 -0.00260955 0.9795265 -0.2012994 0.002520859 0.9820238 -0.1887377 -0.002673089 0.9857668 -0.1680983 0.002578854 0.9879534 -0.1547282 -0.00272417 0.9908814 -0.1347113 0.002626359 0.9927051 -0.1205371 -0.002766072 0.9948657 -0.1011686 0.002663254 0.9962739 -0.08620041 -0.002797544 0.9977149 -0.06751 0.002689301 0.9986554 -0.05176156 -0.002818584 0.9994259 -0.0337724 0.002705633 0.9998471 -0.01725912 -0.002828359 0.9999964 0 0.002710461 0.9998471 0.01725912 -0.002828359 0.9994259 0.0337724 0.002705633 0.9986554 0.05176156 -0.002818584 0.9977149 0.06751 0.002689301 0.9962739 0.08620041 -0.002797544 0.9948657 0.1011686 0.002663254 0.9927051 0.1205371 -0.002766072 0.9908814 0.1347113 0.002626359 0.9879534 0.1547282 -0.00272417 0.9857668 0.1680983 0.002578854 0.9820238 0.1887377 -0.002673089 0.9795265 0.2012994 0.002520859 0.9749247 0.2225201 -0.00260955 0.9721698 0.2342643 0.002452611 0.9666637 0.2560368 -0.002536833 0.963703 0.2669662 0.002374708 0.9572502 0.2892511 -0.002452373 0.9541361 0.2993642 0.002286732 0.9466959 0.32212 -0.002356827 0.9434822 0.3314164 0.002187132 0.9350134 0.3546052 -0.002252757 0.9317508 0.3630924 0.00207591 0.9222174 0.3866659 -0.002138674 0.9189561 0.3943552 0.001955389 0.908322 0.418267 -0.002012968 0.9051129 0.4251676 0.001824736 0.8933444 0.4493688 -0.001876413 0.8902372 0.455494 0.00168395 0.8773013 0.4799369 -0.001729428 0.8743453 0.4853019 0.001532196 0.8602133 0.509932 -0.001572132 0.8574569 0.514554 0.001369357 0.8421005 0.5393187 -0.001405179 0.8395888 0.5432212 0.00119692 0.8229834 0.568064 -0.001226723 0.8207632 0.5712677 0.001013696 0.8028854 0.5961326 -0.001038253 0.8010008 0.5986628 8.19692e-4 0.7818304 0.6234906 -8.39576e-4 0.7803243 0.6253748 6.15033e-4 0.7598458 0.650103 -6.30431e-4 0.7587591 0.6513713 4.00237e-4 0.7369526 0.6759442 -4.10762e-4 0.7363253 0.6766278 1.74866e-4 0.7131838 0.7009772 -1.80545e-4 0.713052 0.7011111 -5.92699e-5 0.6889674 0.7247924 5.98173e-5 0.6885632 0.7251763 -2.95961e-4 0.6640947 0.7476483 2.89851e-4 0.6631229 0.7485103 -5.20928e-4 0.6384649 0.7696509 5.09976e-4 0.6368907 0.7709538 -7.36604e-4 0.6121058 0.7907756 7.1835e-4 0.6099024 0.792476 -9.40326e-4 0.5850479 0.8109983 9.18014e-4 0.5821841 0.8130562 -0.001133859 0.5573252 0.8302937 0.001106381 0.5537745 0.8326656 -0.001317918 0.5289632 0.8486438 0.001283824 0.5247051 0.8512828 -0.001489639 0.5000003 0.866024 0.001452505 0.495008 0.8688868 -0.001652479 0.4704633 0.882418 0.001609206 0.4647222 0.8854547 -0.001803338 0.4403939 0.8978029 0.001756489 0.4338818 0.9009678 -0.001945674 0.4098203 0.9121643 0.001891493 0.4025276 0.9154055 -0.002076625 0.3787782 0.9254854 0.002017617 0.3706901 0.928754 -0.002196907 0.3473043 0.9377501 0.002132773 0.3384115 0.9409953 -0.002307057 0.3154337 0.9489451 0.002237319 0.3057311 0.9521149 -0.002406001 0.2832047 0.9590566 0.002332091 0.2726847 0.9621003 -0.002495348 0.2506534 0.9680739 0.00241506 0.2393159 0.9709384 -0.002574622 0.217812 0.9759876 0.002488553 0.2056584 0.9786203 -0.002642214 0.1847246 0.9827871 0.002551496 0.171758 0.9851354 -0.002699613 0.1514279 0.9884648 0.002603769 0.1376531 0.9904767 -0.002747237 0.1179574 0.9930151 0.002645134 0.1033846 0.9946376 -0.002784132 0.08434975 0.9964327 0.002677202 0.06899124 0.9976134 -0.002809226 0.05064934 0.9987128 0.0026986 0.03451603 0.9994002 -0.002825021 0.01688849 0.9998537 0.002709269 0 0.999996 -0.00282967 -0.01688849 0.9998537 0.002709269 -0.03451603 0.9994002 -0.002825021 -0.05064934 0.9987128 0.0026986 -0.06899124 0.9976134 -0.002809226 -0.08434975 0.9964327 0.002677202 -0.1033846 0.9946376 -0.002784132 -0.1179574 0.9930151 0.002645134 -0.1376531 0.9904767 -0.002747237 -0.1514279 0.9884648 0.002603769 -0.171758 0.9851354 -0.002699613 -0.1847246 0.9827871 0.002551496 -0.2056584 0.9786203 -0.002642214 -0.217812 0.9759876 0.002488553 -0.2393159 0.9709384 -0.002574622 -0.2506534 0.9680739 0.00241506 -0.2726847 0.9621003 -0.002495348 -0.2832047 0.9590566 0.002332091 -0.3057311 0.9521149 -0.002406001 -0.3154337 0.9489451 0.002237319 -0.3384115 0.9409953 -0.002307057 -0.3473043 0.9377501 0.002132773 -0.3706901 0.928754 -0.002196907 -0.3787782 0.9254854 0.002017617 -0.4025276 0.9154055 -0.002076625 -0.4098203 0.9121643 0.001891493 -0.4338818 0.9009678 -0.001945674 -0.4403939 0.8978029 0.001756489 -0.4647222 0.8854547 -0.001803338 -0.4704633 0.882418 0.001609206 -0.495008 0.8688868 -0.001652419 -0.5000003 0.866024 0.001452505 -0.5247051 0.8512828 -0.001489579 -0.5289632 0.8486438 0.001283824 -0.5537745 0.8326656 -0.001317918 -0.5573252 0.8302937 0.001106381 -0.5821841 0.8130562 -0.001133859 -0.5850479 0.8109983 9.18014e-4 -0.6099024 0.792476 -9.40316e-4 -0.6121058 0.7907756 7.1835e-4 -0.6368907 0.7709538 -7.36606e-4 -0.6384649 0.7696509 5.09976e-4 -0.6631229 0.7485103 -5.20922e-4 -0.6640947 0.7476483 2.89851e-4 -0.6885632 0.7251763 -2.95966e-4 0.9998588 -0.0168001 1.20412e-4 0.9998619 -0.01661896 0 0.9998619 0.01661896 0 0.9987573 -0.04983907 -1.17717e-4 0.9987303 -0.05037814 2.37215e-4 0.9965492 -0.0830031 -2.33866e-4 0.9964742 -0.08390074 3.51986e-4 0.9932402 -0.1160775 -3.46876e-4 0.9930931 -0.117328 4.62972e-4 0.9888337 -0.1490219 -4.58461e-4 0.9885909 -0.1506244 5.72319e-4 0.9833349 -0.1818024 -5.66489e-4 0.9829728 -0.18375 6.79082e-4 0.9767498 -0.2143815 -6.7189e-4 0.9762452 -0.2166673 7.83002e-4 0.9690858 -0.2467229 -7.74942e-4 0.9684155 -0.2493405 8.85068e-4 0.9603508 -0.278793 -8.74707e-4 0.9594926 -0.2817323 9.84387e-4 0.9505546 -0.3105561 -9.72083e-4 0.9494863 -0.3138067 0.001080632 0.9397089 -0.341974 -0.001067101 0.9384083 -0.3455263 0.001175105 0.9278239 -0.3730169 -0.001159012 0.9262719 -0.3768536 0.001264214 0.9149153 -0.4036438 -0.001250982 0.9130884 -0.4077594 0.001353085 0.9009954 -0.4338266 -0.001337826 0.8988745 -0.4382038 0.001440048 0.8860793 -0.4635314 -0.00142163 0.8836466 -0.4681522 0.001523077 0.8769605 -0.4805624 0 0.8751804 -0.4837967 -1.07549e-4 0.8691776 -0.4944999 3.87635e-4 0.8674221 -0.4975724 7.83956e-4 0.8629081 -0.5053609 6.3816e-5 0.8562445 -0.5165708 -5.70566e-5 0.8565471 -0.5160689 0 0.8502145 -0.5264305 0.002486109 0.8444675 -0.5356014 -0.002405047 0.8320502 -0.554695 0.002442777 0.826201 -0.5633707 -0.002361238 0.8129464 -0.5823338 0.002396583 0.8070228 -0.5905157 -0.002313971 0.7929244 -0.6093155 0.002349138 0.7869511 -0.6170112 -0.002264022 0.7720086 -0.635608 0.002298116 0.766012 -0.6428224 -0.002211868 0.7502205 -0.661184 0.002245068 0.7442246 -0.6679261 -0.002157449 0.7275856 -0.6860134 0.002188384 0.7216164 -0.69229 -0.002100527 0.7041285 -0.7100693 0.002129673 0.6982105 -0.7158897 -0.002040147 0.6798776 -0.7333226 0.002068877 0.6740334 -0.7386982 -0.001977264 0.6548592 -0.7557483 0.002005398 0.6491121 -0.7606905 -0.00191152 0.6291027 -0.7773197 0.001939475 0.6234722 -0.7818434 -0.001844942 0.6026324 -0.7980166 0.001869559 0.5971447 -0.8021315 -0.001773715 0.5754852 -0.8178103 0.001798748 0.5701577 -0.8215335 -0.001700341 0.5476879 -0.836681 0.001725077 0.5425384 -0.8400294 -0.001626074 0.5192711 -0.854608 0.001646876 0.5143234 -0.8575949 -0.001547753 0.4902693 -0.8715697 0.0015679 0.4855388 -0.8742139 -0.00146681 0.4607123 -0.8875483 0.00148642 0.4562154 -0.8898684 -0.001383543 0.4306377 -0.9025238 0.001401484 0.4263911 -0.9045379 -0.001298069 0.4000756 -0.9164812 0.001314043 0.3960945 -0.918209 -0.001209855 0.3690612 -0.9294043 0.00122404 0.3653602 -0.9308657 -0.001118719 0.3376298 -0.9412783 0.001131832 0.3342225 -0.9424937 -0.001024127 0.3058192 -0.9520891 0.001037776 0.3027148 -0.9530807 -9.27958e-4 0.2736645 -0.9618247 9.40096e-4 0.2708737 -0.9626146 -8.30372e-4 0.2411956 -0.9704762 8.38904e-4 0.2387338 -0.9710848 -7.27288e-4 0.2084602 -0.9780305 7.37759e-4 0.2063276 -0.9784828 -6.24303e-4 0.1754853 -0.9844819 6.31389e-4 0.173697 -0.984799 -5.16472e-4 0.1423153 -0.9898213 5.24701e-4 0.1408714 -0.9900277 -4.07617e-4 0.1089834 -0.9940434 4.13795e-4 0.1078913 -0.9941626 -2.96367e-4 0.07552731 -0.9971436 3.00149e-4 0.0747922 -0.9971991 -1.81682e-4 0.04198694 -0.9991182 1.84731e-4 0.04161024 -0.9991339 -6.44221e-5 0.008400022 -0.9999647 6.66918e-5 0.009616196 -0.9999534 8.7915e-4 0.006374716 -0.9999796 5.07783e-4 -0.006123781 -0.9999813 -9.21378e-5 -0.01712667 -0.9998533 1.42188e-4 -0.0185756 -0.9998274 0 -0.02519559 -0.9996786 0.002822041 -0.04161006 -0.9991301 -0.002761006 -0.0587669 -0.9982678 0.002819299 -0.0747919 -0.9971953 -0.002756118 -0.09226721 -0.9957303 0.002814173 -0.1078909 -0.9941589 -0.002749919 -0.1256655 -0.9920687 0.002806007 -0.1408709 -0.9900242 -0.002740919 -0.1589241 -0.9872869 0.002795934 -0.1736963 -0.9847955 -0.002728283 -0.1919986 -0.9813913 0.002782642 -0.2063269 -0.9784794 -0.002714276 -0.2248581 -0.9743876 0.002766907 -0.238733 -0.9710814 -0.002698183 -0.2574669 -0.9662832 0.002748012 -0.2708727 -0.9626114 -0.002677798 -0.2897809 -0.9570891 0.002727687 -0.3027139 -0.9530778 -0.002655625 -0.321769 -0.9468143 0.002704203 -0.3342215 -0.9424909 -0.002631306 -0.3533955 -0.9354701 0.002677917 -0.3653591 -0.930863 -0.00260353 -0.3846207 -0.923071 0.002649307 -0.3960934 -0.9182066 -0.002574145 -0.4154133 -0.909629 0.002617597 -0.4263902 -0.9045358 -0.002541959 -0.4457377 -0.8951599 0.002583622 -0.4562144 -0.8898663 -0.002505719 -0.4755578 -0.8796809 0.002548515 -0.4855378 -0.8742122 -0.002467632 -0.5048399 -0.8632094 0.002509057 -0.5143225 -0.8575934 -0.002428054 -0.5335533 -0.8457628 0.002466738 -0.5425376 -0.8400281 -0.002384841 -0.5616642 -0.8273617 0.002423226 -0.5701569 -0.8215324 -0.00233978 -0.5891425 -0.8080257 0.002375781 -0.5971441 -0.8021307 -0.002291321 -0.6159546 -0.7877783 0.002326846 -0.6234716 -0.7818428 -0.002239882 -0.6420701 -0.7666425 0.002275347 -0.6491118 -0.7606899 -0.002187371 -0.6674616 -0.7446408 0.002219617 -0.6740332 -0.7386981 -0.002132534 -0.6921028 -0.7217956 0.002162098 -0.6982105 -0.7158896 -0.002072393 -0.715957 -0.6981413 0.002103209 -0.7216165 -0.6922901 -0.00201261 -0.7390085 -0.6736931 0.002040088 -0.7442249 -0.6679264 -0.001947462 -0.7612217 -0.6484887 0.00197637 -0.7660126 -0.6428229 -0.001882016 -0.7825777 -0.62255 0.001907765 -0.7869518 -0.6170118 -0.001812934 -0.8030502 -0.5959087 0.001838147 -0.8070238 -0.5905164 -0.001741468 -0.8226146 -0.5685967 0.001764774 -0.8262022 -0.5633714 -0.001668155 -0.8412528 -0.5406393 0.001689195 -0.8444689 -0.5356023 -0.001590669 -0.8589397 -0.5120744 0.001611888 -0.8598473 -0.510551 6.25988e-4 -0.8628957 -0.5053818 1.22005e-4 -0.8690817 -0.4946684 -7.59321e-5 -0.8733093 -0.4871661 3.79607e-4 -0.8752022 -0.4837573 0 -0.875656 -0.4829288 0.002530336 -0.8860775 -0.4635306 -0.002489089 -0.8913838 -0.4532421 0.002567827 -0.9009933 -0.4338256 -0.002526402 -0.9061076 -0.4230394 0.002602159 -0.9149131 -0.4036427 -0.002560317 -0.919808 -0.39236 0.002635061 -0.9278213 -0.3730159 -0.002590119 -0.9324685 -0.3612411 0.002666115 -0.9397062 -0.341973 -0.00261861 -0.9440777 -0.3297119 0.002692699 -0.9505516 -0.3105551 -0.002644896 -0.9546211 -0.2978107 0.002717435 -0.9603478 -0.2787922 -0.00266844 -0.9640871 -0.2655723 0.00273931 -0.9690825 -0.2467221 -0.002689063 -0.9724642 -0.2330363 0.002758324 -0.9767464 -0.2143808 -0.00270766 -0.9797437 -0.2002367 0.002775013 -0.9833315 -0.1818018 -0.002723515 -0.9859176 -0.1672089 0.002789795 -0.9888302 -0.1490213 -0.002735555 -0.9909781 -0.1339945 0.002802014 -0.9932365 -0.116077 -0.002745449 -0.99492 -0.1006295 0.002811312 -0.9965455 -0.08300274 -0.002753734 -0.997739 -0.06714916 0.002817094 -0.9987535 -0.04983884 -0.002759218 -0.9994317 -0.03359341 0.002821028 -0.9998582 -0.0166189 -0.002761781 -0.999996 0 0.00282222 -0.9998582 0.0166189 -0.002761781 -0.9994317 0.03359341 0.002821028 -0.9987535 0.04983884 -0.002759218 -0.997739 0.06714916 0.002817094 -0.9965455 0.08300274 -0.002753734 -0.99492 0.1006295 0.002811312 -0.9932365 0.116077 -0.002745449 -0.9909781 0.1339945 0.002802014 -0.9888302 0.1490213 -0.002735555 -0.9859176 0.1672089 0.002789795 -0.9833315 0.1818018 -0.002723515 -0.9797437 0.2002367 0.002775013 -0.9767464 0.2143808 -0.00270766 -0.9724642 0.2330363 0.002758324 -0.9690825 0.2467221 -0.002689063 -0.9640871 0.2655723 0.00273931 -0.9603478 0.2787922 -0.00266844 -0.9546211 0.2978107 0.002717435 -0.9505516 0.3105551 -0.002644896 -0.9440777 0.3297119 0.002692699 -0.9397062 0.341973 -0.00261861 -0.9324685 0.3612411 0.002666115 -0.9278213 0.3730159 -0.002590119 -0.919808 0.39236 0.002635061 -0.9149131 0.4036427 -0.002560317 -0.9061076 0.4230394 0.002602159 -0.9009933 0.4338256 -0.002526402 -0.8913838 0.4532421 0.002567827 -0.8860775 0.4635306 -0.002489089 -0.875656 0.4829288 0.002530336 -0.8733093 0.4871661 3.79607e-4 -0.8690817 0.4946684 -7.59321e-5 -0.8628957 0.5053818 1.22005e-4 -0.8598473 0.510551 6.25988e-4 -0.8565471 0.5160689 0 -0.8589397 0.5120744 0.001611888 -0.8444689 0.5356023 -0.001590669 -0.8412528 0.5406393 0.001689195 -0.8262022 0.5633714 -0.001668155 -0.8226146 0.5685967 0.001764774 -0.8070238 0.5905164 -0.001741468 -0.8030502 0.5959087 0.001838147 -0.7869518 0.6170118 -0.001812934 -0.7825777 0.62255 0.001907765 -0.7660126 0.6428229 -0.001882016 -0.7612217 0.6484887 0.00197637 -0.7442249 0.6679264 -0.001947462 -0.7390085 0.6736931 0.002040088 -0.7216165 0.6922901 -0.00201261 -0.715957 0.6981413 0.002103209 -0.6982105 0.7158896 -0.002072393 -0.6921028 0.7217956 0.002162098 -0.6740332 0.7386981 -0.002132534 -0.6674616 0.7446408 0.002219617 -0.6491118 0.7606899 -0.002187371 -0.6420701 0.7666425 0.002275347 -0.6234716 0.7818428 -0.002239882 -0.6159546 0.7877783 0.002326786 -0.5971441 0.8021307 -0.002291321 -0.5891425 0.8080257 0.002375781 -0.5701569 0.8215324 -0.00233978 -0.5616642 0.8273617 0.002423226 -0.5425376 0.8400281 -0.002384841 -0.5335533 0.8457628 0.002466738 -0.5143225 0.8575934 -0.002428054 -0.5048399 0.8632094 0.002509057 -0.4855378 0.8742122 -0.002467632 -0.4755578 0.8796809 0.002548515 -0.4562144 0.8898663 -0.002505719 -0.4457377 0.8951599 0.002583622 -0.4263902 0.9045358 -0.002541959 -0.4154133 0.909629 0.002617597 -0.3960934 0.9182066 -0.002574145 -0.3846207 0.923071 0.002649307 -0.3653591 0.930863 -0.00260353 -0.3533955 0.9354701 0.002677917 -0.3342215 0.9424909 -0.002631306 -0.321769 0.9468143 0.002704203 -0.3027139 0.9530778 -0.002655625 -0.2897809 0.9570891 0.002727687 -0.2708727 0.9626114 -0.002677798 -0.2574669 0.9662832 0.002748012 -0.238733 0.9710814 -0.002698183 -0.2248581 0.9743876 0.002766907 -0.2063269 0.9784794 -0.002714276 -0.1919986 0.9813913 0.002782642 -0.1736963 0.9847955 -0.002728283 -0.1589241 0.9872869 0.002795934 -0.1408709 0.9900242 -0.002740919 -0.1256655 0.9920687 0.002806007 -0.1078909 0.9941589 -0.002749919 -0.09226721 0.9957303 0.002814173 -0.0747919 0.9971953 -0.002756118 -0.0587669 0.9982678 0.002819299 -0.04161006 0.9991301 -0.002761006 -0.02519559 0.9996786 0.002822041 -0.01712667 0.9998533 1.42188e-4 -0.006123781 0.9999813 -9.21378e-5 0.009268164 0.9999568 6.46664e-4 0.006651699 0.9999772 0.001169979 0.0185756 0.9998274 0 0.008400022 0.9999647 6.66918e-5 0.04161024 0.9991339 -6.44221e-5 0.04198694 0.9991182 1.84732e-4 0.0747922 0.9971991 -1.81682e-4 0.07552731 0.9971436 3.00148e-4 0.1078913 0.9941626 -2.96367e-4 0.1089834 0.9940434 4.138e-4 0.1408714 0.9900277 -4.07617e-4 0.1423153 0.9898213 5.24704e-4 0.173697 0.984799 -5.16472e-4 0.1754853 0.9844819 6.31385e-4 0.2063276 0.9784828 -6.24303e-4 0.2084602 0.9780305 7.37755e-4 0.2387338 0.9710848 -7.27288e-4 0.2411956 0.9704762 8.38915e-4 0.2708737 0.9626146 -8.30372e-4 0.2736645 0.9618247 9.401e-4 0.3027148 0.9530807 -9.27958e-4 0.3058192 0.9520891 0.001037776 0.3342225 0.9424937 -0.001024127 0.3376298 0.9412783 0.001131832 0.3653602 0.9308657 -0.001118719 0.3690612 0.9294043 0.00122404 0.3960945 0.918209 -0.001209855 0.4000756 0.9164812 0.001314043 0.4263911 0.9045379 -0.001298069 0.4306377 0.9025238 0.001401484 0.4562154 0.8898684 -0.001383543 0.4607123 0.8875483 0.00148642 0.4855388 0.8742139 -0.00146681 0.4902693 0.8715697 0.0015679 0.5143234 0.8575949 -0.001547753 0.5192711 0.854608 0.001646876 0.5425384 0.8400294 -0.001626074 0.5476879 0.836681 0.001725077 0.5701577 0.8215335 -0.001700341 0.5754852 0.8178103 0.001798748 0.5971447 0.8021315 -0.001773715 0.6026324 0.7980166 0.001869559 0.6234722 0.7818434 -0.001844942 0.6291027 0.7773197 0.001939475 0.6491121 0.7606905 -0.00191152 0.6548592 0.7557483 0.002005398 0.6740334 0.7386982 -0.001977264 0.6798776 0.7333226 0.002068877 0.6982105 0.7158897 -0.002040147 0.7041285 0.7100693 0.002129673 0.7216164 0.69229 -0.002100527 0.7275856 0.6860134 0.002188384 0.7442246 0.6679261 -0.002157449 0.7502205 0.661184 0.002245068 0.766012 0.6428224 -0.002211868 0.7720086 0.635608 0.002298116 0.7869511 0.6170112 -0.002264022 0.7929244 0.6093155 0.002349138 0.8070228 0.5905157 -0.002313971 0.8129464 0.5823338 0.002396583 0.826201 0.5633707 -0.002361238 0.8320502 0.554695 0.002442777 0.8444675 0.5356014 -0.002405047 0.8502145 0.5264305 0.002486109 0.8561105 0.5167928 0 0.8565582 0.5160505 -5.14258e-5 0.8629081 0.5053609 6.3816e-5 0.8674221 0.4975724 7.83956e-4 0.8691776 0.4944999 3.87635e-4 0.8751804 0.4837967 -1.07549e-4 0.8769605 0.4805624 0 0.8836466 0.4681522 0.001523137 0.8860793 0.4635314 -0.00142163 0.8988745 0.4382038 0.001440048 0.9009954 0.4338266 -0.001337826 0.9130884 0.4077594 0.001353144 0.9149153 0.4036438 -0.001250982 0.9262719 0.3768536 0.001264214 0.9278239 0.3730169 -0.001159012 0.9384083 0.3455263 0.001175105 0.9397089 0.341974 -0.001067101 0.9494863 0.3138067 0.001080632 0.9505546 0.3105561 -9.72083e-4 0.9594926 0.2817323 9.8439e-4 0.9603508 0.278793 -8.74707e-4 0.9684155 0.2493405 8.8507e-4 0.9690858 0.2467229 -7.74942e-4 0.9762452 0.2166673 7.83007e-4 0.9767498 0.2143815 -6.7189e-4 0.9829728 0.18375 6.79077e-4 0.9833349 0.1818024 -5.66489e-4 0.9885909 0.1506244 5.7232e-4 0.9888337 0.1490219 -4.58461e-4 0.9930931 0.117328 4.62975e-4 0.9932402 0.1160775 -3.46876e-4 0.9964742 0.08390074 3.51985e-4 0.9965492 0.0830031 -2.33866e-4 0.9987303 0.05037814 2.37213e-4 0.9987573 0.04983907 -1.17717e-4 0.9998588 0.0168001 1.20412e-4 -0.0185756 0.9998274 0 -0.8752022 0.4837573 0 -0.8565471 -0.5160689 0 0.0185756 -0.9998274 0 0 0 1 0 0 1 0 0 1 0 0 1 0 0 1 0 0 1 0 0 1 0 0 1 0 0 1 0 0 1 0 0 1 0 0 1 0 0 1 0 0 1 0 0 1 0 0 1 0 0 1 0 0 1 0 0 1 0 0 1 0 0 1 0 0 1 0 0 1 0 0 1 0 0 1 0 0 1 0 0 1 0 0 1 0 0 1 0 0 1 0 0 1 0 0 1 0 0 1 0 0 1 0 0 1 0 0 1 0 0 1 0 0 1 0 0 1 0 0 1 0 0 1 0 0 1 0 0 1 0 0 1 0 0 1 0 0 1 0 0 1 0 0 1 0 0 1 0 0 1 0 0 1 0 0 1 0 0 1 0 0 1 0 0 1 0 0 1 0 0 1 0 0 1 0 0 1 0 0 1 0 0 1 0 0 1 0 0 1 0 0 1 0 0 1 0 0 1 0 0 1 0 0 1 0 0 1 0 0 1 0 0 1 0 0 1 0 0 1 0 0 1 0 0 1 0 0 1 0 0 1 0 0 1 0 0 1 0 0 1 0 0 1 0 0 1 0 0 1 0 0 1 0 0 1 0 0 1 0 0 1 0 0 1 0 0 1 0 0 1 0 0 1 0 0 1 0 0 1 0 0 1 0 0 1 0 0 1 0 0 1 0 0 1 0 0 1 0 0 1 0 0 1 0 0 1 0 0 1 0 0 1 0 0 1 0 0 1 0 0 1 0 0 1 0 0 1 0 0 1 0 0 1 0 0 1 0 0 1 0 0 1 0 0 1 0 0 1 0 0 1 0 0 1 0 0 1 0 0 1 0 0 1 0 0 1 0 0 1 0 0 1 0 0 1 0 0 1 0 0 1 0 0 1 0 0 1 0 0 1 0 0 1 0 0 1 0 0 1 0 0 1 0 0 1 0 0 1 0 0 1 0 0 1 0 0 1 0 0 1 0 0 1 0 0 1 0 0 1 0 0 1 0 0 1 0 0 1 0 0 1 0 0 1 0 0 1 0 0 1 0 0 1 0 0 1 0 0 1 0 0 1 0 0 1 0 0 1 0 0 1 0 0 1 0 0 1 0 0 1 0 0 1 0 0 1 0 0 1 0 0 1 0 0 1 0 0 1 0 0 1 0 0 1 0 0 1 0 0 1 0 0 1 0 0 1 0 0 1 0 0 1 0 0 1 0 0 1 0 0 1 0 0 1 0 0 1 0 0 1 0 0 1 0 0 1 0 0 1 0 0 1 0 0 1 0 0 1 0 0 1 0 0 1 0 0 1 0 0 1 0 0 1 0 0 1 0 0 1 0 0 1 0 0 1 0 0 1 0 0 1 0 0 1 0 0 1 0 0 1 0 0 1 0 0 1 0 0 1 0 0 1 0 0 1 0 0 1 0 0 1 0 0 1 0 0 1 0 0 1 0 0 1 0 0 1 0 0 1 0 0 1 0 0 1 0 0 1 0 0 1 0 0 1 0 0 1 0 0 1 0 0 1 0 0 1 0 0 1 0 0 1 0 0 1 0 0 1 0 0 1 0 0 1 0 0 1 0 0 1 0 0 1 0 0 1 0 0 1 0 0 1 0 0 1 0 0 1 0 0 1 0 0 1 0 0 1 0 0 1 0 0 1 0 0 1 0 0 1 0 0 1 0 0 1 0 0 1 0 0 1 0 0 1 0 0 1 0 0 1 0 0 1 0 0 1 0 0 1 0 0 1 0 0 1 0 0 1 0 0 1 0 0 1 0 0 1 0 0 1 0 0 1 0 0 1 0 0 1 0 0 1 0 0 1 0 0 1 0 0 1 0 0 1 0 0 1 0 0 1 0 0 1 0 0 1 0 0 1 0 0 1 0 0 1 0 0 1 0 0 1 0 0 1 0 0 1 0 0 1 0 0 1 0 0 1 0 0 1 0 0 1 0 0 1 0 0 1 0 0 1 0 0 1 0 0 1 0 0 1 0 0 1 0 0 1 0 0 1 0 0 1 0 0 1 0 0 1 0 0 1 0 0 1 0 0 1 0 0 1 0 0 1 0 0 1 0 0 1 0 0 1 0 0 1 0 0 1 0 0 1 0 0 1 0 0 1 0 0 1 0 0 1 0 0 1 0 0 1 0 0 1 0 0 1 0 0 1 0 0 1 0 0 1 0 0 1 0 0 1 0 0 1 0 0 1 0 0 1 0 0 1 0 0 1 0 0 1 0 0 1 0 0 1 0 0 1 0 0 1 0 0 1 0 0 1 0 0 1 0 0 1 0 0 1 0 0 1 0 0 1 0 0 1 0 0 1 0 0 1 0 0 1 0 0 1 0 0 1 0 0 1 0 0 1 0 0 1 0 0 1 0 0 1 0 0 1 0 0 1 0 0 1 0 0 1 0 0 1 0 0 1 0 0 1 0 0 1 0 0 1 0 0 1 0 0 1 0 0 1 0 0 1 0 0 1 0 0 1 0 0 1 0 0 1 0 0 1 0 0 1 0 0 1 0 0 1 0 0 -1 0 0 -1 0 0 -1 0 0 -1 0 0 -1 0 0 -1 0 0 -1 0 0 -1 0 0 -1 0 0 -1 0 0 -1 0 0 -1 0 0 -1 0 0 -1 0 0 -1 0 0 -1 0 0 -1 0 0 -1 0 0 -1 0 0 -1 0 0 -1 0 0 -1 0 0 -1 0 0 -1 0 0 -1 0 0 -1 0 0 -1 0 0 -1 0 0 -1 0 0 -1 0 0 -1 0 0 -1 0 0 -1 0 0 -1 0 0 -1 0 0 -1 0 0 -1 0 0 -1 0 0 -1 0 0 -1 0 0 -1 0 0 -1 0 0 -1 0 0 -1 0 0 -1 0 0 -1 0 0 -1 0 0 -1 0 0 -1 0 0 -1 0 0 -1 0 0 -1 0 0 -1 0 0 -1 0 0 -1 0 0 -1 0 0 -1 0 0 -1 0 0 -1 0 0 -1 0 0 -1 0 0 -1 0 0 -1 -0.5000001 0.8660253 0 -0.5000001 0.8660253 0 -0.5000002 0.8660253 -4.71528e-7 -0.5000002 0.8660253 -1.86391e-6 -0.4999996 0.8660257 7.85629e-7 -0.4999996 0.8660256 -2.07303e-6 -0.5000004 0.8660252 3.1655e-6 -0.5000007 0.866025 -3.2036e-7 -0.5000004 0.8660252 -2.76769e-6 -0.5000001 0.8660253 1.60997e-7 -0.5000002 0.8660253 9.80773e-7 -0.5 0.8660255 2.26685e-6 -0.4999999 0.8660255 0 -0.4999999 0.8660254 1.62946e-7 -0.5 0.8660255 -9.24557e-7 -0.4999995 0.8660257 8.2043e-7 -0.4999997 0.8660256 -1.7599e-6 -0.4999998 0.8660256 1.21274e-7 -0.4999995 0.8660257 1.78252e-6 -0.4999996 0.8660256 -1.50432e-7 -0.5000003 0.8660253 -3.97515e-6 -0.4999998 0.8660255 1.88036e-6 -0.5000005 0.8660252 -7.33249e-7 -0.5000004 0.8660253 2.96007e-7 -0.500001 0.8660249 -1.48908e-6 -0.5000009 0.8660249 -1.73153e-6 -0.4999982 0.8660264 5.67516e-6 -0.4999996 0.8660256 3.49071e-7 -0.4999998 0.8660255 0 -0.4999998 0.8660256 0 -0.5000012 0.8660248 -3.1353e-6 -0.5000003 0.8660253 -4.8545e-7 -0.5 0.8660254 0 -0.5000015 0.8660245 -1.80241e-6 -0.4999997 0.8660256 9.86375e-7 -0.4999995 0.8660258 1.2805e-6 -0.5000013 0.8660247 0 -0.5000014 0.8660246 0 -0.5 0.8660255 0 -0.5 0.8660255 0 0.8659317 0.4999443 -0.01476311 0.8651647 0.4995015 -0.04458993 0.8651645 0.4995023 -0.04458445 0.8617391 0.4975247 -0.0993725 0.8617391 0.4975247 -0.0993725 0.8521785 0.4920049 -0.1781092 0.8521772 0.4920056 -0.1781138 0.83723 0.4833758 -0.255722 0.8372316 0.4833753 -0.2557177 0.8169913 0.4716895 -0.3317141 0.8169889 0.4716899 -0.3317193 0.7915859 0.4570235 -0.4056122 0.7915865 0.4570235 -0.4056112 0.7611778 0.4394669 -0.4769458 0.7611801 0.4394669 -0.4769421 0.7259576 0.4191313 -0.5452655 0.7259576 0.4191313 -0.5452654 0.68615 0.3961484 -0.610135 0.68615 0.3961484 -0.610135 0.6420054 0.3706615 -0.6711477 0.6420029 0.3706612 -0.6711502 0.5937995 0.3428308 -0.7279211 0.5937995 0.3428308 -0.7279211 0.5418403 0.3128322 -0.7800931 0.5418426 0.3128325 -0.7800912 0.4864596 0.2808573 -0.8273308 0.4864568 0.2808566 -0.8273327 0.427999 0.247106 -0.869342 0.4280017 0.2471066 -0.8693405 0.3668364 0.2117928 -0.9058558 0.3668364 0.2117928 -0.9058558 0.3033545 0.1751415 -0.9366438 0.3033545 0.1751415 -0.9366438 0.237954 0.1373826 -0.9615113 0.237954 0.1373826 -0.9615113 0.1710503 0.09875577 -0.9803005 0.1710494 0.09875553 -0.9803007 0.1030644 0.05950433 -0.9928932 0.1030642 0.05950427 -0.9928933 0.03442722 0.01987659 -0.9992095 0.0344274 0.01987665 -0.9992095 -0.03999614 -0.02309173 0.998933 -0.0399962 -0.02309179 0.998933 -0.1196474 -0.06907838 0.9904104 -0.1196466 -0.06907814 0.9904105 -0.1982763 -0.114475 0.9734382 -0.1982763 -0.1144751 0.9734382 -0.2752148 -0.1588956 0.9481609 -0.275216 -0.1588959 0.9481605 -0.3498066 -0.2019608 0.9147936 -0.3498066 -0.2019608 0.9147936 -0.4214118 -0.2433021 0.8736225 -0.4214124 -0.2433022 0.8736221 -0.4894232 -0.2825683 0.824997 -0.4894206 -0.2825676 0.8249988 -0.5532578 -0.3194241 0.7693336 -0.5532578 -0.3194241 0.7693336 -0.6123715 -0.3535534 0.7071075 -0.6123716 -0.3535535 0.7071074 -0.6662632 -0.3846679 0.6388459 -0.6662632 -0.3846678 0.6388459 -0.714468 -0.412499 0.5651373 -0.714468 -0.412499 0.5651373 -0.7565779 -0.4368112 0.4866064 -0.7565798 -0.4368113 0.4866034 -0.7922348 -0.4573968 0.4039211 -0.7922348 -0.4573968 0.4039211 -0.8211312 -0.4740802 0.3177916 -0.8211319 -0.4740801 0.31779 -0.8430224 -0.4867186 0.22895 -0.8430224 -0.4867186 0.2289501 -0.8577211 -0.4952048 0.1381545 -0.8577198 -0.4952056 0.13816 -0.8651009 -0.4994671 0.04618334 -0.8651009 -0.4994671 0.04618346 -0.8660257 -0.4999995 0 -0.8660251 -0.5000007 -2.61934e-7 -0.8660244 -0.5000017 0 0.5000008 -0.866025 0 0.5000008 -0.8660249 4.21183e-7 0.5000008 -0.8660249 1.83524e-6 0.4999995 -0.8660257 -4.02635e-6 0.4999996 -0.8660256 2.03316e-6 0.5000008 -0.866025 0 0.5 -0.8660254 -2.59069e-7 0.4999998 -0.8660255 -2.37266e-6 0.4999996 -0.8660257 2.5821e-7 0.4999995 -0.8660256 2.01246e-7 0.4999996 -0.8660256 -3.85878e-7 0.5000003 -0.8660252 4.39202e-6 0.5000004 -0.8660252 2.17768e-6 0.4999999 -0.8660255 -2.64788e-7 0.4999998 -0.8660255 -2.0404e-6 0.5 -0.8660255 -1.45626e-6 0.5000002 -0.8660253 1.27593e-6 0.5000002 -0.8660253 -4.85096e-7 0.5 -0.8660254 -2.31728e-6 0.5000001 -0.8660254 -2.40692e-7 0.4999998 -0.8660255 -1.21965e-6 0.5000001 -0.8660253 1.43266e-6 0.4999991 -0.8660258 -2.38306e-6 0.4999996 -0.8660256 4.73611e-7 0.5000003 -0.8660252 3.1643e-6 0.4999995 -0.8660256 -4.69567e-7 0.5000011 -0.8660248 3.54698e-6 0.5000001 -0.8660254 -4.65429e-7 0.4999999 -0.8660255 -6.73538e-7 0.4999999 -0.8660255 -9.22403e-7 0.4999991 -0.8660259 -2.49843e-6 0.5000003 -0.8660252 4.56895e-7 0.5 -0.8660255 -1.20513e-7 0.4999993 -0.8660258 -9.01208e-7 0.4999996 -0.8660256 -4.78243e-7 0.5000014 -0.8660246 1.43667e-6 0.4999992 -0.8660258 0 0.4999991 -0.8660259 0 0.5 -0.8660253 0 0.5 -0.8660253 0 0.5000008 0.866025 0 0.5000008 0.866025 0 0.5000008 0.866025 4.71528e-7 0.5000008 0.8660249 1.79018e-6 0.4999995 0.8660257 -3.92814e-6 0.4999996 0.8660256 2.07303e-6 0.5 0.8660254 -3.48124e-7 0.4999999 0.8660254 -2.4027e-6 0.4999996 0.8660257 2.50141e-7 0.4999995 0.8660257 1.60997e-7 0.4999996 0.8660256 -3.69799e-7 0.5000003 0.8660253 4.37178e-6 0.5000004 0.8660252 2.24173e-6 0.4999999 0.8660254 -1.62946e-7 0.4999998 0.8660255 -2.07228e-6 0.5 0.8660254 -1.47678e-6 0.5000002 0.8660253 1.40792e-6 0.5000002 0.8660253 -5.15414e-7 0.5 0.8660254 -2.49553e-6 0.5000001 0.8660254 -2.70778e-7 0.4999999 0.8660254 -1.08413e-6 0.5000001 0.8660253 1.4625e-6 0.4999991 0.8660259 -2.56637e-6 0.4999996 0.8660256 6.51215e-7 0.5000003 0.8660252 2.97817e-6 0.4999996 0.8660256 -6.16307e-7 0.5000011 0.8660248 3.78345e-6 0.5000001 0.8660254 -4.65429e-7 0.5000001 0.8660254 -7.69758e-7 0.4999998 0.8660255 -1.00888e-6 0.4999989 0.8660261 -2.35146e-6 0.5000003 0.8660253 4.8545e-7 0.5 0.8660254 0 0.4999992 0.8660259 -9.01208e-7 0.4999996 0.8660256 -4.18462e-7 0.5000014 0.8660246 1.4679e-6 0.4999993 0.8660258 0 0.4999991 0.8660259 0 0.5 0.8660253 0 0.5 0.8660253 0 0.8659317 -0.4999443 -0.01476317 0.865165 -0.4995017 -0.04458266 0.8651643 -0.4995023 -0.04458802 0.8617391 -0.4975247 -0.0993725 0.8617391 -0.4975247 -0.0993725 0.8521778 -0.4920045 -0.1781137 0.8521779 -0.492006 -0.1781092 0.837231 -0.4833764 -0.2557177 0.8372306 -0.4833747 -0.2557221 0.8169897 -0.4716886 -0.3317194 0.8169905 -0.4716909 -0.331714 0.7915863 -0.4570237 -0.4056112 0.7915861 -0.4570232 -0.4056122 0.7611795 -0.4394679 -0.4769422 0.7611783 -0.4394659 -0.4769458 0.7259576 -0.4191313 -0.5452655 0.7259576 -0.4191313 -0.5452654 0.68615 -0.3961484 -0.610135 0.68615 -0.3961484 -0.6101349 0.6420034 -0.3706604 -0.6711502 0.6420049 -0.3706623 -0.6711476 0.5937995 -0.3428308 -0.7279211 0.5937995 -0.3428308 -0.7279211 0.5418422 -0.3128333 -0.7800912 0.5418407 -0.3128314 -0.780093 0.4864572 -0.2808559 -0.8273327 0.4864592 -0.280858 -0.8273308 0.4280012 -0.2471072 -0.8693405 0.4279994 -0.2471053 -0.869342 0.3668364 -0.2117928 -0.9058558 0.3668364 -0.2117928 -0.9058559 0.3033545 -0.1751415 -0.9366438 0.3033545 -0.1751415 -0.9366438 0.237954 -0.1373826 -0.9615113 0.237954 -0.1373826 -0.9615113 0.1710495 -0.09875535 -0.9803007 0.1710501 -0.09875601 -0.9803005 0.1030642 -0.05950427 -0.9928932 0.1030644 -0.05950438 -0.9928932 0.03442734 -0.01987671 -0.9992095 0.03442722 -0.01987653 -0.9992095 -0.0399962 0.02309179 0.998933 -0.03999614 0.02309173 0.998933 -0.1196467 0.06907796 0.9904105 -0.1196473 0.0690785 0.9904103 -0.1982763 0.1144751 0.9734382 -0.1982763 0.1144751 0.9734382 -0.2752159 0.1588962 0.9481605 -0.2752149 0.1588953 0.9481608 -0.3498065 0.2019608 0.9147936 -0.3498066 0.2019608 0.9147936 -0.4214123 0.2433024 0.8736221 -0.4214118 0.2433019 0.8736225 -0.489421 0.282567 0.8249989 -0.4894229 0.2825689 0.8249971 -0.5532578 0.3194241 0.7693336 -0.5532578 0.3194241 0.7693336 -0.6123716 0.3535535 0.7071074 -0.6123716 0.3535535 0.7071074 -0.6662632 0.3846679 0.6388459 -0.6662632 0.3846679 0.6388459 -0.714468 0.412499 0.5651373 -0.714468 0.412499 0.5651373 -0.7565793 0.4368121 0.4866034 -0.7565783 0.4368105 0.4866065 -0.7922348 0.4573968 0.4039211 -0.7922348 0.4573968 0.4039211 -0.8211317 0.4740804 0.31779 -0.8211314 0.4740799 0.3177915 -0.8430224 0.4867186 0.22895 -0.8430224 0.4867186 0.2289501 -0.8577204 0.4952045 0.1381601 -0.8577204 0.495206 0.1381545 -0.8651009 0.4994671 0.04618346 -0.8651009 0.4994671 0.04618346 -0.8660244 0.5000017 0 -0.8660251 0.5000007 -2.54658e-7 -0.8660257 0.4999995 0 1 0 0 1 0 0 1 0 0 1 0 0 1 0 0 1 0 0 1 0 0 1 0 0 1 0 0 1 0 0 1 0 0 1 0 0 1 0 0 1 0 0 1 0 0 1 0 0 1 0 0 1 0 0 1 0 0 1 0 0 1 0 0 1 0 0 1 0 0 1 0 0 1 0 0 1 0 0 1 0 0 1 0 0 1 0 0 1 0 0 1 0 0 1 0 0 1 0 0 1 0 0 1 0 0 1 0 0 1 0 0 1 0 0 1 0 0 1 0 0 0 0.0461837 0.998933 0 0.0461837 0.998933 0 0.1381564 0.9904105 0 0.1381564 0.9904105 0 0.2289499 0.9734382 0 0.2289499 0.9734382 0 0.3177908 0.9481608 0 0.3177908 0.9481608 0 0.4039232 0.9147929 0 0.4039232 0.9147929 0 0.4866037 0.8736228 0 0.4866037 0.8736228 0 0.5651351 0.8249983 0 0.5651351 0.8249983 0 0.6388486 0.7693325 0 0.6388486 0.7693325 0 0.7071052 0.7071084 0 0.7071052 0.7071084 0 0.7693357 0.6388447 0 0.7693357 0.6388447 0 0.8249972 0.5651369 0 0.8249972 0.5651369 0 0.8736227 0.4866037 0 0.8736227 0.4866037 0 0.9147939 0.403921 0 0.9147939 0.403921 0 0.9481604 0.3177923 0 0.9481604 0.3177923 0 0.9734374 0.2289532 0 0.9734374 0.2289532 0 0.9904109 0.1381531 0 0.9904109 0.1381531 0 0.998933 0.04618424 0 0.998933 0.04618424 0 1 0 0 1 0 0 1 0 0.5000001 -0.8660253 0 0.5000001 -0.8660253 0 0.5000002 -0.8660253 -4.71528e-7 0.5000002 -0.8660253 -1.86391e-6 0.4999996 -0.8660257 7.85629e-7 0.4999996 -0.8660256 -2.07303e-6 0.5000004 -0.8660252 3.1655e-6 0.5000007 -0.866025 -3.2036e-7 0.5000004 -0.8660252 -2.76769e-6 0.5000001 -0.8660253 1.60997e-7 0.5000002 -0.8660253 9.80773e-7 0.5 -0.8660255 2.26685e-6 0.4999999 -0.8660255 0 0.4999999 -0.8660254 1.62946e-7 0.5 -0.8660255 -9.24557e-7 0.4999995 -0.8660257 8.2043e-7 0.4999997 -0.8660256 -1.7599e-6 0.4999998 -0.8660256 1.21274e-7 0.4999995 -0.8660257 1.78252e-6 0.4999996 -0.8660256 -1.50432e-7 0.5000003 -0.8660253 -3.97515e-6 0.4999998 -0.8660255 1.88036e-6 0.5000005 -0.8660252 -7.33249e-7 0.5000004 -0.8660253 2.96007e-7 0.500001 -0.8660249 -1.48908e-6 0.5000009 -0.8660249 -1.73153e-6 0.4999982 -0.8660264 5.67516e-6 0.4999996 -0.8660256 3.49071e-7 0.4999998 -0.8660255 0 0.4999998 -0.8660256 0 0.5000012 -0.8660248 -3.1353e-6 0.5000003 -0.8660253 -4.8545e-7 0.5 -0.8660254 0 0.5000015 -0.8660245 -1.80241e-6 0.4999997 -0.8660256 9.86375e-7 0.4999995 -0.8660258 1.2805e-6 0.5000013 -0.8660247 0 0.5000014 -0.8660246 0 0.5 -0.8660255 0 0.5 -0.8660255 0 0.03999614 0.02309173 0.998933 0.0399962 0.02309179 0.998933 0.1196474 0.06907838 0.9904104 0.1196466 0.06907814 0.9904105 0.1982763 0.114475 0.9734382 0.1982763 0.1144751 0.9734382 0.2752148 0.1588956 0.9481609 0.275216 0.1588959 0.9481605 0.3498066 0.2019608 0.9147936 0.3498066 0.2019608 0.9147936 0.4214118 0.2433021 0.8736225 0.4214124 0.2433022 0.8736221 0.4894232 0.2825683 0.824997 0.4894206 0.2825676 0.8249988 0.5532578 0.3194241 0.7693336 0.5532578 0.3194241 0.7693336 0.6123715 0.3535534 0.7071075 0.6123716 0.3535535 0.7071074 0.6662632 0.3846679 0.6388459 0.6662632 0.3846678 0.6388459 0.714468 0.412499 0.5651373 0.714468 0.412499 0.5651373 0.7565779 0.4368112 0.4866064 0.7565798 0.4368113 0.4866034 0.7922348 0.4573968 0.4039211 0.7922348 0.4573968 0.4039211 0.8211312 0.4740802 0.3177916 0.8211319 0.4740801 0.31779 0.8430224 0.4867186 0.22895 0.8430224 0.4867186 0.2289501 0.8577211 0.4952048 0.1381545 0.8577198 0.4952056 0.13816 0.8651009 0.4994671 0.04618334 0.8651009 0.4994671 0.04618346 0.8660257 0.4999995 0 0.8660251 0.5000007 -2.61934e-7 0.8660244 0.5000017 0 -0.5000008 -0.866025 0 -0.5000008 -0.866025 0 -0.5000008 -0.866025 4.71528e-7 -0.5000008 -0.8660249 1.79018e-6 -0.4999995 -0.8660257 -3.92814e-6 -0.4999996 -0.8660256 2.07303e-6 -0.5 -0.8660254 -3.48124e-7 -0.4999999 -0.8660254 -2.4027e-6 -0.4999996 -0.8660257 2.50141e-7 -0.4999995 -0.8660257 1.60997e-7 -0.4999996 -0.8660256 -3.69799e-7 -0.5000003 -0.8660253 4.37178e-6 -0.5000004 -0.8660252 2.24173e-6 -0.4999999 -0.8660254 -1.62946e-7 -0.4999998 -0.8660255 -2.07228e-6 -0.5 -0.8660254 -1.47678e-6 -0.5000002 -0.8660253 1.40792e-6 -0.5000002 -0.8660253 -5.15414e-7 -0.5 -0.8660254 -2.49553e-6 -0.5000001 -0.8660254 -2.70778e-7 -0.4999999 -0.8660254 -1.08413e-6 -0.5000001 -0.8660253 1.4625e-6 -0.4999991 -0.8660259 -2.56637e-6 -0.4999996 -0.8660256 6.51215e-7 -0.5000003 -0.8660252 2.97817e-6 -0.4999996 -0.8660256 -6.16307e-7 -0.5000011 -0.8660248 3.78345e-6 -0.5000001 -0.8660254 -4.65429e-7 -0.5000001 -0.8660254 -7.69758e-7 -0.4999998 -0.8660255 -1.00888e-6 -0.4999989 -0.8660261 -2.35146e-6 -0.5000003 -0.8660253 4.8545e-7 -0.5 -0.8660254 0 -0.4999992 -0.8660259 -9.01208e-7 -0.4999996 -0.8660256 -4.18462e-7 -0.5000014 -0.8660246 1.4679e-6 -0.4999993 -0.8660258 0 -0.4999991 -0.8660259 0 -0.5 -0.8660253 0 -0.5 -0.8660253 0 0.0399962 -0.02309179 0.998933 0.03999614 -0.02309173 0.998933 0.1196467 -0.06907796 0.9904105 0.1196473 -0.0690785 0.9904103 0.1982763 -0.1144751 0.9734382 0.1982763 -0.1144751 0.9734382 0.2752159 -0.1588962 0.9481605 0.2752149 -0.1588953 0.9481608 0.3498065 -0.2019608 0.9147936 0.3498066 -0.2019608 0.9147936 0.4214123 -0.2433024 0.8736221 0.4214118 -0.2433019 0.8736225 0.489421 -0.282567 0.8249989 0.4894229 -0.2825689 0.8249971 0.5532578 -0.3194241 0.7693336 0.5532578 -0.3194241 0.7693336 0.6123716 -0.3535535 0.7071074 0.6123716 -0.3535535 0.7071074 0.6662632 -0.3846679 0.6388459 0.6662632 -0.3846679 0.6388459 0.714468 -0.412499 0.5651373 0.714468 -0.412499 0.5651373 0.7565793 -0.4368121 0.4866034 0.7565783 -0.4368105 0.4866065 0.7922348 -0.4573968 0.4039211 0.7922348 -0.4573968 0.4039211 0.8211317 -0.4740804 0.31779 0.8211314 -0.4740799 0.3177915 0.8430224 -0.4867186 0.22895 0.8430224 -0.4867186 0.2289501 0.8577204 -0.4952045 0.1381601 0.8577204 -0.495206 0.1381545 0.8651009 -0.4994671 0.04618346 0.8651009 -0.4994671 0.04618346 0.8660244 -0.5000017 0 0.8660251 -0.5000007 -2.54658e-7 0.8660257 -0.4999995 0 -0.7616303 0.6480119 0 -0.7616303 0.6480119 0 -0.7101945 0.7040055 0 -0.7101945 0.7040055 0 -0.6546536 0.7559291 0 -0.6546536 0.7559291 0 -0.5953283 0.8034825 0 -0.5953283 0.8034825 0 -0.5325616 0.8463913 0 -0.5325616 0.8463913 0 -0.4667153 0.8844076 0 -0.4667153 0.8844076 0 -0.3981727 0.9173105 0 -0.3981727 0.9173105 0 -0.3273268 0.9449112 0 -0.3273268 0.9449112 0 -0.2545894 0.9670493 0 -0.2545894 0.9670493 0 -0.1803796 0.9835971 0 -0.1803796 0.9835971 0 -0.94201 -0.3355848 0 -0.94201 -0.3355848 0 -0.9647837 -0.2630448 0 -0.9647837 -0.2630448 0 -0.9819806 -0.1889819 0 -0.9819806 -0.1889819 0 -0.9935004 -0.1138284 0 -0.9935004 -0.1138284 0 -0.9992772 -0.0380156 0 -0.9992772 -0.0380156 0 -0.9992772 0.0380156 0 -0.9992772 0.0380156 0 -0.9935004 0.1138284 0 -0.9935004 0.1138284 0 -0.9819806 0.1889819 0 -0.9819806 0.1889819 0 -0.9647837 0.2630448 0 -0.9647837 0.2630448 0 -0.94201 0.3355848 0 -0.94201 0.3355848 0 -0.1803796 -0.9835971 0 -0.1803796 -0.9835971 0 -0.2545894 -0.9670493 0 -0.2545894 -0.9670493 0 -0.3273268 -0.9449112 0 -0.3273268 -0.9449112 0 -0.3981727 -0.9173105 0 -0.3981727 -0.9173105 0 -0.4667153 -0.8844076 0 -0.4667153 -0.8844076 0 -0.5325616 -0.8463913 0 -0.5325616 -0.8463913 0 -0.5953283 -0.8034825 0 -0.5953283 -0.8034825 0 -0.6546536 -0.7559291 0 -0.6546536 -0.7559291 0 -0.7101945 -0.7040055 0 -0.7101945 -0.7040055 0 -0.7616303 -0.6480119 0 -0.7616303 -0.6480119 0 0.7616303 -0.6480119 0 0.7616303 -0.6480119 0 0.7101945 -0.7040055 0 0.7101945 -0.7040055 0 0.6546536 -0.7559291 0 0.6546536 -0.7559291 0 0.5953283 -0.8034825 0 0.5953283 -0.8034825 0 0.5325616 -0.8463913 0 0.5325616 -0.8463913 0 0.4667153 -0.8844076 0 0.4667153 -0.8844076 0 0.3981727 -0.9173105 0 0.3981727 -0.9173105 0 0.3273268 -0.9449112 0 0.3273268 -0.9449112 0 0.2545894 -0.9670493 0 0.2545894 -0.9670493 0 0.1803796 -0.9835971 0 0.1803796 -0.9835971 0 0.7616303 0.6480119 0 0.7616303 0.6480119 0 0.7101945 0.7040055 0 0.7101945 0.7040055 0 0.6546536 0.7559291 0 0.6546536 0.7559291 0 0.5953283 0.8034825 0 0.5953283 0.8034825 0 0.5325616 0.8463913 0 0.5325616 0.8463913 0 0.4667153 0.8844076 0 0.4667153 0.8844076 0 0.3981727 0.9173105 0 0.3981727 0.9173105 0 0.3273268 0.9449112 0 0.3273268 0.9449112 0 0.2545894 0.9670493 0 0.2545894 0.9670493 0 0.1803796 0.9835971 0 0.1803796 0.9835971 0 0.94201 0.3355848 0 0.94201 0.3355848 0 0.9647837 0.2630448 0 0.9647837 0.2630448 0 0.9819806 0.1889819 0 0.9819806 0.1889819 0 0.9935004 0.1138284 0 0.9935004 0.1138284 0 0.9992772 0.0380156 0 0.9992772 0.0380156 0 0.9992772 -0.0380156 0 0.9992772 -0.0380156 0 0.9935004 -0.1138284 0 0.9935004 -0.1138284 0 0.9819806 -0.1889819 0 0.9819806 -0.1889819 0 0.9647837 -0.2630448 0 0.9647837 -0.2630448 0 0.94201 -0.3355848 0 0.94201 -0.3355848 0 0 0 1 0 0 1 0 0 1 0 0 1 0 0 1 0 0 1 0 0 1 0 0 1 0 0 1 0 0 1 0 0 1 0 0 1 0 0 1 0 0 1 0 0 1 0 0 1 0 0 1 0 0 1 0 0 1 0 0 1 0 0 1 0 0 1 0 0 1 0 0 1 0 0 1 0 0 1 0 0 1 0 0 1 0 0 1 0 0 1 0 0 1 0 0 1 0 0 1 0 0 1 0 0 1 0 0 1 0 0 1 0 0 1 0 0 1 0 0 1 0 0 1 0 0 1 0 0 1 0 0 1 0 0 1 0 0 1 0 0 1 0 0 1 0 0 1 0 0 1 0 0 1 0 0 1 0 0 1 0 0 1 0 0 1 0 0 1 0 0 1 0 0 1 0 0 1 0 0 1 0 0 1 0 0 1 0 0 1 0 0 1 0 0 1 0 0 1 0 0 1 0 0 1 0 0 1 0 0 1 0 0 1 0 0 1 0 0 1 0 0 1 0 0 1 0 0 1 0 0 1 0 0 1 0 0 1 0 0 1 0 0 1 0 0 1 0 0 1 0 0 1 0 0 1 0 0 1 0 0 1 0 0 1 0 0 1 0 0 1 0 0 1 0 0 1 0 0 1 0 0 1 0 0 1 0 0 1 0 0 1 0 0 1 0 0 1 0 0 1 0 0 1 0 0 1 0 0 1 0 0 1 0 0 1 0 0 1 0 0 1 0 0 1 0 0 1 0 0 1 0 0 1 0 0 1 0 0 1 0 0 1 0 0 1 0 0 1 0 0 1 0 0 1 0 0 1 0 0 1 0 0 1 0 0 1 0 0 1 0 0 1 0 0 1 0 0 1 0 0 1 0 0 1 0 0 1 1 0 0 1 0 0 1 0 0 1 0 0 1 0 0 1 0 0 1 0 0 1 0 0 1 0 0 1 0 0 1 0 0 1 0 0 1 0 0 1 0 0 1 0 0 1 0 0 1 0 0 1 0 0 1 0 0 1 0 0 1 0 0 1 0 0 1 0 0 1 0 0 1 0 0 1 0 0 1 0 0 1 0 0 1 0 0 1 0 0 1 0 0 1 0 0 1 0 0 1 0 0 1 0 0 1 0 0 1 0 0 1 0 0 1 0 0 1 0 0 -1 0 0 -1 0 0 -1 0 0 -1 0 0 -1 0 0 -1 0 0 -1 0 0 -1 0 0 -1 0 0 -1 0 0 -1 0 0 -1 0 0 -1 0 0 -1 0 0 -1 0 0 -1 0 0 -1 0 0 -1 0 0 -1 0 0 -1 0 0 -1 0 0 -1 0 0 -1 0 0 -1 0 0 -1 0 0 -1 0 0 -1 0 0 -1 0 0 -1 0 0 -1 0 0 -1 0 0 -1 0 0 -1 0 0 -1 0 0 -1 0 0 -1 0 0 -1 0 0 -1 0 0 -1 0 0 -1 0 0 0 0.9998915 -0.01473069 0 0.999014 -0.04439657 0 0.999014 -0.04439657 0 0.99505 -0.09937572 0 0.99505 -0.09937572 0 0.9840108 -0.1781086 0 0.9840108 -0.1781086 0 0.9667503 -0.2557222 0 0.9667503 -0.2557222 0 0.9433803 -0.3317133 0 0.9433803 -0.3317133 0 0.9140439 -0.4056155 0 0.9140439 -0.4056155 0 0.8789342 -0.4769432 0 0.8789342 -0.4769432 0 0.8382636 -0.5452651 0 0.8382636 -0.5452651 0 0.7922976 -0.6101348 0 0.7922976 -0.6101348 0 0.7413228 -0.6711487 0 0.7413228 -0.6711487 0 0.6856608 -0.7279212 0 0.6856608 -0.7279212 0 0.6256642 -0.7800925 0 0.6256642 -0.7800925 0 0.5617127 -0.8273323 0 0.5617127 -0.8273323 0 0.4942138 -0.8693404 0 0.4942138 -0.8693404 0 0.4235857 -0.905856 0 0.4235857 -0.905856 0 0.3502835 -0.9366438 0 0.3502835 -0.9366438 0 0.2747657 -0.9615111 0 0.2747657 -0.9615111 0 0.1975111 -0.9803007 0 0.1975111 -0.9803007 0 0.1190087 -0.9928932 0 0.1190087 -0.9928932 0 0.03975319 -0.9992095 0 0.03975319 -0.9992095 0 -0.0461837 0.998933 0 -0.0461837 0.998933 0 -0.1381564 0.9904105 0 -0.1381564 0.9904105 0 -0.2289499 0.9734382 0 -0.2289499 0.9734382 0 -0.3177908 0.9481608 0 -0.3177908 0.9481608 0 -0.4039232 0.9147929 0 -0.4039232 0.9147929 0 -0.4866037 0.8736228 0 -0.4866037 0.8736228 0 -0.5651351 0.8249983 0 -0.5651351 0.8249983 0 -0.6388486 0.7693325 0 -0.6388486 0.7693325 0 -0.7071052 0.7071084 0 -0.7071052 0.7071084 0 -0.7693357 0.6388447 0 -0.7693357 0.6388447 0 -0.8249972 0.5651369 0 -0.8249972 0.5651369 0 -0.8736227 0.4866037 0 -0.8736227 0.4866037 0 -0.9147939 0.403921 0 -0.9147939 0.403921 0 -0.9481604 0.3177923 0 -0.9481604 0.3177923 0 -0.9734374 0.2289532 0 -0.9734374 0.2289532 0 -0.9904109 0.1381531 0 -0.9904109 0.1381531 0 -0.998933 0.04618424 0 -0.998933 0.04618424 0 -1 0 0 -1 0 0 -1 0 -0.9981033 -0.06156075 0 -0.9981033 -0.06156075 0 -0.9981033 0.06156075 0 -0.9981033 0.06156075 0 -0.9829731 0.1837494 0 -0.9829731 0.1837494 0 -0.952942 0.3031529 0 -0.952942 0.3031529 0 -0.9084654 0.4179601 0 -0.9084654 0.4179601 0 -0.8502169 0.5264324 0 -0.8502169 0.5264324 0 -0.7790808 0.6269236 0 -0.7790808 0.6269236 0 -0.6961337 0.7179121 0 -0.6961337 0.7179121 0 -0.6026348 0.7980171 0 -0.6026348 0.7980171 0 -0.5 0.8660254 0 -0.5 0.8660254 0 -0.3897857 0.9209057 0 -0.3897857 0.9209057 0 -0.273663 0.9618256 0 -0.273663 0.9618256 0 -0.1533916 0.9881655 0 -0.1533916 0.9881655 0 -0.03079551 0.9995257 0 -0.03079551 0.9995257 0 0.09226852 0.9957342 0 0.09226852 0.9957342 0 0.2139332 0.9768483 0 0.2139332 0.9768483 0 0.3323544 0.9431546 0 0.3323544 0.9431546 0 0.4457387 0.8951631 0 0.4457387 0.8951631 0 0.5523649 0.8336025 0 0.5523649 0.8336025 0 0.6506181 0.759405 0 0.6506181 0.759405 0 0.7390089 0.6736957 0 0.7390089 0.6736957 0 0.8161972 0.5777735 0 0.8161972 0.5777735 0 0.8810122 0.4730936 0 0.8810122 0.4730936 0 0.9324722 0.3612417 0 0.9324722 0.3612417 0 0.9697969 0.2439138 0 0.9697969 0.2439138 0 0.9924205 0.122888 0 0.9924205 0.122888 0 1 0 0 1 0 0 0.9924205 -0.122888 0 0.9924205 -0.122888 0 0.9697969 -0.2439138 0 0.9697969 -0.2439138 0 0.9324722 -0.3612417 0 0.9324722 -0.3612417 0 0.8810122 -0.4730936 0 0.8810122 -0.4730936 0 0.8161972 -0.5777735 0 0.8161972 -0.5777735 0 0.7390089 -0.6736957 0 0.7390089 -0.6736957 0 0.6506181 -0.759405 0 0.6506181 -0.759405 0 0.5523649 -0.8336025 0 0.5523649 -0.8336025 0 0.4457387 -0.8951631 0 0.4457387 -0.8951631 0 0.3323544 -0.9431546 0 0.3323544 -0.9431546 0 0.2139332 -0.9768483 0 0.2139332 -0.9768483 0 0.09226852 -0.9957342 0 0.09226852 -0.9957342 0 -0.03079551 -0.9995257 0 -0.03079551 -0.9995257 0 -0.1533916 -0.9881655 0 -0.1533916 -0.9881655 0 -0.273663 -0.9618256 0 -0.273663 -0.9618256 0 -0.3897857 -0.9209057 0 -0.3897857 -0.9209057 0 -0.5 -0.8660254 0 -0.5 -0.8660254 0 -0.6026348 -0.7980171 0 -0.6026348 -0.7980171 0 -0.6961337 -0.7179121 0 -0.6961337 -0.7179121 0 -0.7790808 -0.6269236 0 -0.7790808 -0.6269236 0 -0.8502169 -0.5264324 0 -0.8502169 -0.5264324 0 -0.9084654 -0.4179601 0 -0.9084654 -0.4179601 0 -0.952942 -0.3031529 0 -0.952942 -0.3031529 0 -0.9829731 -0.1837494 0 -0.9829731 -0.1837494 0 0 0 -1 0 0 -1 0 0 -1 0 0 -1 0 0 -1 0 0 -1 0 0 -1 0 0 -1 0 0 -1 0 0 -1 0 0 -1 0 0 -1 0 0 -1 0 0 -1 0 0 -1 0 0 -1 0 0 -1 0 0 -1 0 0 -1 0 0 -1 0 0 -1 0 0 -1 0 0 -1 0 0 -1 0 0 -1 0 0 -1 0 0 -1 0 0 -1 0 0 -1 0 0 -1 0 0 -1 0 0 -1 0 0 -1 0 0 -1 0 0 -1 0 0 -1 0 0 -1 0 0 -1 0 0 -1 0 0 -1 0 0 -1 0 0 -1 0 0 -1 0 0 -1 0 0 -1 0 0 -1 0 0 -1 0 0 -1 0 0 -1 0 0 -1 0 0 -1 0 0 -1 0 0 -1 0 0 -1 0 0 -1 0 0 -1 0 0 -1 0 0 -1 0 0 -1 0 0 -1 0 0 -1 0 0 -1 0 0 -1 0 0 -1 0 0 -1 0 0 -1 0 0 -1 0 0 -1 0 0 -1 0 0 -1 0 0 -1 0 0 -1 0 0 -1 0 0 -1 0 0 -1 0 0 -1 0 0 -1 0 0 -1 0 0 -1 0 0 -1 0 0 -1 0 0 -1 0 0 -1 0 0 -1 0 0 -1 0 0 -1 0 0 -1 0 0 -1 0 0 -1 0 0 -1 0 0 -1 0 0 -1 0 0 -1 0 0 -1 0 0 -1 0 0 -1 0 0 -1 0 0 -1 0 0 -1 0 0 -1 0 0 -1 0 0 -1 0 0 -1 0 0 -1 0 0 -1 0 0 -1 0 0 -1 0 0 -1 0 0 -1 0 0 -1 0 0 -1 0 0 -1 0 0 -1 0 0 -1 0 0 -1 0 0 -1 0 0 -1 0 0 -1 0 0 -1 0 0 -1 0 0 -1 0 0 -1 0 0 -1 0 0 -1 0 0 -1 0 0 -1 0 0 -1 0 0 -1 0 0 -1</float_array>
          <technique_common>
            <accessor source="#blade_guard-mesh-normals-array" count="2946" stride="3">
              <param name="X" type="float"/>
              <param name="Y" type="float"/>
              <param name="Z" type="float"/>
            </accessor>
          </technique_common>
        </source>
        <vertices id="blade_guard-mesh-vertices">
          <input semantic="POSITION" source="#blade_guard-mesh-positions"/>
        </vertices>
        <triangles count="2946">
          <input semantic="VERTEX" source="#blade_guard-mesh-vertices" offset="0"/>
          <input semantic="NORMAL" source="#blade_guard-mesh-normals" offset="1"/>
          <p>0 0 1 0 2 0 2 1 1 1 3 1 2 2 3 2 4 2 4 3 3 3 5 3 4 4 5 4 6 4 0 5 7 5 1 5 4 6 6 6 8 6 8 7 6 7 9 7 8 8 9 8 10 8 10 9 9 9 11 9 10 10 11 10 12 10 12 11 11 11 13 11 12 12 13 12 14 12 14 13 13 13 15 13 14 14 15 14 16 14 16 15 15 15 17 15 16 16 17 16 18 16 16 17 18 17 19 17 19 18 18 18 20 18 19 19 20 19 21 19 21 20 20 20 22 20 21 21 22 21 23 21 23 22 22 22 24 22 23 23 24 23 25 23 25 24 24 24 26 24 25 25 26 25 27 25 27 26 26 26 28 26 27 27 28 27 29 27 29 28 28 28 30 28 29 29 30 29 31 29 31 30 30 30 32 30 31 31 32 31 33 31 33 32 32 32 34 32 34 33 32 33 35 33 34 34 35 34 36 34 36 35 35 35 37 35 37 36 35 36 38 36 38 37 35 37 39 37 39 38 35 38 40 38 40 39 35 39 41 39 42 40 43 40 44 40 44 41 43 41 45 41 44 42 45 42 46 42 42 43 47 43 43 43 44 44 46 44 48 44 48 45 46 45 49 45 48 46 49 46 50 46 50 47 49 47 51 47 50 48 51 48 52 48 52 49 51 49 53 49 52 50 53 50 54 50 54 51 53 51 55 51 54 52 55 52 56 52 56 53 55 53 57 53 56 54 57 54 58 54 58 55 57 55 59 55 58 56 59 56 60 56 60 57 59 57 61 57 60 58 61 58 62 58 62 59 61 59 63 59 62 60 63 60 64 60 64 61 63 61 65 61 64 62 65 62 66 62 66 63 65 63 67 63 66 64 67 64 68 64 68 65 67 65 69 65 68 66 69 66 70 66 70 67 69 67 71 67 70 68 71 68 72 68 72 69 71 69 73 69 72 70 73 70 74 70 74 71 73 71 75 71 74 72 75 72 76 72 76 73 75 73 77 73 76 74 77 74 78 74 78 75 77 75 79 75 78 76 79 76 80 76 80 77 79 77 81 77 80 78 81 78 82 78 82 79 81 79 83 79 82 80 83 80 84 80 85 81 86 81 45 81 45 82 86 82 87 82 45 83 87 83 46 83 46 84 87 84 88 84 46 85 88 85 89 85 85 86 90 86 86 86 46 87 89 87 49 87 49 88 89 88 91 88 49 89 91 89 51 89 51 90 91 90 92 90 51 91 92 91 53 91 53 92 92 92 93 92 53 93 93 93 55 93 55 94 93 94 94 94 55 95 94 95 57 95 57 96 94 96 95 96 57 97 95 97 96 97 57 98 96 98 59 98 59 99 96 99 97 99 59 100 97 100 61 100 61 101 97 101 98 101 61 102 98 102 63 102 63 103 98 103 99 103 63 104 99 104 65 104 65 105 99 105 100 105 65 106 100 106 67 106 67 107 100 107 101 107 67 108 101 108 69 108 69 109 101 109 102 109 69 110 102 110 71 110 71 111 102 111 103 111 71 112 103 112 73 112 73 113 103 113 75 113 75 114 103 114 104 114 75 115 104 115 77 115 77 116 104 116 79 116 79 117 104 117 81 117 81 118 104 118 83 118 83 119 104 119 105 119 105 120 104 120 106 120 107 121 108 121 109 121 109 122 108 122 110 122 109 123 110 123 111 123 107 124 112 124 108 124 109 125 111 125 113 125 113 126 111 126 114 126 113 127 114 127 115 127 115 128 114 128 116 128 115 129 116 129 117 129 117 130 116 130 118 130 117 131 118 131 119 131 119 132 118 132 120 132 119 133 120 133 121 133 121 134 120 134 122 134 121 135 122 135 123 135 123 136 122 136 124 136 123 137 124 137 125 137 125 138 124 138 126 138 125 139 126 139 127 139 127 140 126 140 128 140 127 141 128 141 129 141 129 142 128 142 130 142 129 143 130 143 131 143 131 144 130 144 132 144 131 145 132 145 133 145 133 146 132 146 134 146 133 147 134 147 135 147 135 148 134 148 136 148 135 149 136 149 137 149 137 150 136 150 138 150 137 151 138 151 139 151 139 152 138 152 140 152 139 153 140 153 141 153 141 154 140 154 142 154 141 155 142 155 143 155 143 156 142 156 144 156 143 157 144 157 145 157 145 158 144 158 146 158 145 159 146 159 147 159 147 160 146 160 148 160 147 161 148 161 149 161 150 162 151 162 110 162 110 163 151 163 152 163 110 164 152 164 111 164 111 165 152 165 153 165 111 166 153 166 154 166 150 167 155 167 151 167 111 168 154 168 114 168 114 169 154 169 156 169 114 170 156 170 116 170 116 171 156 171 157 171 116 172 157 172 118 172 118 173 157 173 158 173 118 174 158 174 120 174 120 175 158 175 159 175 120 176 159 176 122 176 122 177 159 177 160 177 122 178 160 178 161 178 122 179 161 179 124 179 124 180 161 180 162 180 124 181 162 181 126 181 126 182 162 182 163 182 126 183 163 183 128 183 128 184 163 184 164 184 128 185 164 185 130 185 130 186 164 186 165 186 130 187 165 187 132 187 132 188 165 188 166 188 132 189 166 189 134 189 134 190 166 190 167 190 134 191 167 191 136 191 136 192 167 192 168 192 136 193 168 193 138 193 138 194 168 194 140 194 140 195 168 195 169 195 140 196 169 196 142 196 142 197 169 197 144 197 144 198 169 198 146 198 146 199 169 199 148 199 148 200 169 200 170 200 170 201 169 201 171 201 172 202 173 202 174 202 174 203 173 203 175 203 174 204 175 204 176 204 172 205 177 205 173 205 174 206 176 206 178 206 178 207 176 207 179 207 178 208 179 208 180 208 180 209 179 209 181 209 180 210 181 210 182 210 182 211 181 211 183 211 182 212 183 212 184 212 184 213 183 213 185 213 184 214 185 214 186 214 186 215 185 215 187 215 186 216 187 216 188 216 188 217 187 217 189 217 188 218 189 218 190 218 190 219 189 219 191 219 190 220 191 220 192 220 192 221 191 221 193 221 192 222 193 222 194 222 194 223 193 223 195 223 194 224 195 224 196 224 196 225 195 225 197 225 196 226 197 226 198 226 198 227 197 227 199 227 198 228 199 228 200 228 200 229 199 229 201 229 200 230 201 230 202 230 202 231 201 231 203 231 202 232 203 232 204 232 204 233 203 233 205 233 204 234 205 234 206 234 206 235 205 235 207 235 206 236 207 236 208 236 208 237 207 237 209 237 208 238 209 238 210 238 210 239 209 239 211 239 210 240 211 240 212 240 212 241 211 241 213 241 212 242 213 242 214 242 215 243 216 243 175 243 175 244 216 244 217 244 175 245 217 245 176 245 176 246 217 246 218 246 176 247 218 247 219 247 215 248 220 248 216 248 176 249 219 249 179 249 179 250 219 250 221 250 179 251 221 251 181 251 181 252 221 252 222 252 181 253 222 253 183 253 183 254 222 254 223 254 183 255 223 255 185 255 185 256 223 256 224 256 185 257 224 257 187 257 187 258 224 258 225 258 187 259 225 259 226 259 187 260 226 260 189 260 189 261 226 261 227 261 189 262 227 262 191 262 191 263 227 263 228 263 191 264 228 264 193 264 193 265 228 265 229 265 193 266 229 266 195 266 195 267 229 267 230 267 195 268 230 268 197 268 197 269 230 269 231 269 197 270 231 270 199 270 199 271 231 271 232 271 199 272 232 272 201 272 201 273 232 273 233 273 201 274 233 274 203 274 203 275 233 275 205 275 205 276 233 276 234 276 205 277 234 277 207 277 207 278 234 278 209 278 209 279 234 279 211 279 211 280 234 280 213 280 213 281 234 281 235 281 235 282 234 282 236 282 237 283 155 283 238 283 238 284 155 284 150 284 238 285 150 285 239 285 239 286 150 286 240 286 240 287 150 287 241 287 241 288 150 288 242 288 241 289 242 289 243 289 243 290 242 290 244 290 243 291 244 291 245 291 245 292 244 292 246 292 245 293 246 293 247 293 247 294 246 294 248 294 247 295 248 295 249 295 249 296 248 296 250 296 250 297 248 297 251 297 250 298 251 298 252 298 252 299 251 299 253 299 252 300 253 300 254 300 254 301 253 301 255 301 254 302 255 302 256 302 256 303 255 303 257 303 256 304 257 304 258 304 258 305 257 305 259 305 258 306 259 306 260 306 260 307 259 307 261 307 260 308 261 308 262 308 260 309 262 309 263 309 263 310 262 310 264 310 263 311 264 311 265 311 265 312 266 312 263 312 263 313 266 313 267 313 263 314 267 314 268 314 268 315 267 315 269 315 268 316 269 316 270 316 270 317 271 317 268 317 268 318 271 318 272 318 268 319 272 319 273 319 273 320 272 320 274 320 273 321 274 321 275 321 273 322 275 322 276 322 276 323 275 323 277 323 276 324 277 324 278 324 278 325 277 325 279 325 278 326 279 326 280 326 280 327 279 327 281 327 280 328 281 328 282 328 282 329 281 329 283 329 282 330 283 330 284 330 284 331 283 331 285 331 284 332 285 332 286 332 286 333 285 333 287 333 287 334 285 334 288 334 287 335 288 335 289 335 289 336 288 336 290 336 289 337 290 337 291 337 291 338 290 338 292 338 291 339 292 339 293 339 293 340 292 340 294 340 293 341 294 341 295 341 295 342 294 342 296 342 296 343 294 343 297 343 297 344 294 344 298 344 297 345 298 345 299 345 300 346 90 346 301 346 301 347 90 347 85 347 301 348 85 348 302 348 301 349 302 349 303 349 303 350 302 350 304 350 303 351 304 351 305 351 305 352 304 352 306 352 305 353 306 353 307 353 307 354 306 354 308 354 307 355 308 355 309 355 309 356 308 356 310 356 309 357 310 357 311 357 311 358 310 358 312 358 311 359 312 359 313 359 313 360 312 360 314 360 313 361 314 361 315 361 315 362 314 362 316 362 315 363 316 363 317 363 315 364 317 364 318 364 318 365 317 365 319 365 318 366 319 366 320 366 320 367 319 367 321 367 320 368 321 368 322 368 322 369 321 369 323 369 322 370 323 370 324 370 324 371 323 371 325 371 324 372 325 372 326 372 326 373 325 373 327 373 326 374 327 374 328 374 328 375 327 375 329 375 328 376 329 376 330 376 330 377 329 377 331 377 330 378 331 378 332 378 332 379 331 379 333 379 332 380 333 380 334 380 334 381 333 381 335 381 334 382 335 382 336 382 336 383 335 383 337 383 336 384 337 384 338 384 338 385 337 385 339 385 338 386 339 386 340 386 340 387 339 387 341 387 340 388 341 388 342 388 342 389 341 389 343 389 342 390 343 390 344 390 344 391 343 391 345 391 344 392 345 392 346 392 346 393 345 393 347 393 346 394 347 394 348 394 348 395 347 395 349 395 348 396 349 396 350 396 350 397 349 397 351 397 350 398 351 398 352 398 352 399 351 399 353 399 352 400 353 400 354 400 354 401 353 401 355 401 354 402 355 402 356 402 356 403 355 403 357 403 356 404 357 404 358 404 358 405 357 405 359 405 358 406 359 406 360 406 360 407 359 407 361 407 360 408 361 408 237 408 362 409 7 409 363 409 363 410 7 410 0 410 363 411 0 411 364 411 364 412 0 412 365 412 364 413 365 413 366 413 366 414 365 414 367 414 366 415 367 415 368 415 368 416 367 416 369 416 368 417 369 417 370 417 370 418 369 418 371 418 370 419 371 419 372 419 372 420 371 420 373 420 372 421 373 421 374 421 374 422 373 422 375 422 374 423 375 423 376 423 376 424 375 424 377 424 376 425 377 425 378 425 378 426 377 426 379 426 378 427 379 427 380 427 380 428 379 428 381 428 380 429 381 429 382 429 382 430 381 430 383 430 382 431 383 431 384 431 384 432 383 432 385 432 384 433 385 433 386 433 386 434 385 434 387 434 386 435 387 435 388 435 388 436 387 436 389 436 388 437 389 437 390 437 390 438 389 438 391 438 390 439 391 439 392 439 392 440 391 440 393 440 392 441 393 441 394 441 394 442 393 442 395 442 394 443 395 443 396 443 396 444 395 444 397 444 396 445 397 445 398 445 398 446 397 446 399 446 398 447 399 447 400 447 400 448 399 448 401 448 400 449 401 449 402 449 402 450 401 450 403 450 402 451 403 451 404 451 404 452 403 452 405 452 404 453 405 453 406 453 406 454 405 454 407 454 406 455 407 455 408 455 406 456 408 456 409 456 409 457 408 457 410 457 409 458 410 458 411 458 411 459 410 459 412 459 411 460 412 460 413 460 413 461 412 461 414 461 413 462 414 462 415 462 415 463 414 463 416 463 415 464 416 464 417 464 417 465 416 465 418 465 417 466 418 466 419 466 419 467 418 467 420 467 419 468 420 468 421 468 421 469 420 469 422 469 421 470 422 470 423 470 423 471 300 471 421 471 424 472 425 472 426 472 426 473 425 473 427 473 426 474 427 474 428 474 428 475 427 475 429 475 429 476 427 476 430 476 430 477 427 477 431 477 430 478 431 478 432 478 432 479 431 479 433 479 432 480 433 480 434 480 434 481 433 481 435 481 434 482 435 482 436 482 436 483 435 483 437 483 436 484 437 484 438 484 438 485 437 485 439 485 439 486 437 486 440 486 439 487 440 487 441 487 441 488 440 488 442 488 441 489 442 489 443 489 443 490 442 490 444 490 443 491 444 491 445 491 445 492 444 492 446 492 445 493 446 493 447 493 447 494 446 494 448 494 447 495 448 495 449 495 449 496 448 496 450 496 449 497 450 497 451 497 449 498 451 498 452 498 452 499 451 499 453 499 452 500 453 500 454 500 454 501 455 501 452 501 452 502 455 502 456 502 452 503 456 503 457 503 457 504 456 504 458 504 457 505 458 505 459 505 459 506 460 506 457 506 457 507 460 507 461 507 457 508 461 508 462 508 462 509 461 509 463 509 462 510 463 510 464 510 462 511 464 511 465 511 465 512 464 512 466 512 465 513 466 513 467 513 467 514 466 514 468 514 467 515 468 515 469 515 469 516 468 516 470 516 469 517 470 517 471 517 471 518 470 518 472 518 471 519 472 519 473 519 473 520 472 520 474 520 473 521 474 521 475 521 475 522 474 522 476 522 476 523 474 523 477 523 476 524 477 524 478 524 478 525 477 525 479 525 478 526 479 526 480 526 480 527 479 527 481 527 480 528 481 528 482 528 482 529 481 529 483 529 482 530 483 530 484 530 484 531 483 531 485 531 485 532 483 532 486 532 486 533 483 533 487 533 486 534 487 534 362 534 488 535 489 535 490 535 490 536 489 536 491 536 490 537 491 537 492 537 490 538 492 538 493 538 493 539 492 539 494 539 493 540 494 540 495 540 495 541 494 541 496 541 495 542 496 542 497 542 497 543 496 543 498 543 497 544 498 544 499 544 499 545 498 545 500 545 499 546 500 546 501 546 501 547 500 547 502 547 501 548 502 548 503 548 503 549 502 549 504 549 503 550 504 550 505 550 505 551 504 551 506 551 505 552 506 552 507 552 505 553 507 553 508 553 508 554 507 554 509 554 508 555 509 555 510 555 510 556 509 556 511 556 510 557 511 557 512 557 512 558 511 558 513 558 512 559 513 559 514 559 514 560 513 560 515 560 514 561 515 561 516 561 516 562 515 562 517 562 516 563 517 563 518 563 518 564 517 564 519 564 518 565 519 565 520 565 520 566 519 566 521 566 520 567 521 567 522 567 522 568 521 568 523 568 522 569 523 569 524 569 524 570 523 570 525 570 524 571 525 571 526 571 526 572 525 572 527 572 526 573 527 573 528 573 528 574 527 574 529 574 528 575 529 575 530 575 530 576 529 576 531 576 530 577 531 577 532 577 532 578 531 578 533 578 532 579 533 579 534 579 534 580 533 580 535 580 534 581 535 581 536 581 536 582 535 582 537 582 536 583 537 583 538 583 538 584 537 584 539 584 538 585 539 585 540 585 540 586 539 586 541 586 540 587 541 587 542 587 542 588 541 588 543 588 542 589 543 589 544 589 544 590 543 590 545 590 544 591 545 591 546 591 546 592 545 592 547 592 546 593 547 593 548 593 548 594 547 594 549 594 548 595 549 595 550 595 550 596 549 596 551 596 550 597 551 597 424 597 552 598 452 598 553 598 553 599 452 599 457 599 553 600 457 600 554 600 554 601 457 601 462 601 554 602 462 602 555 602 555 603 462 603 465 603 555 604 465 604 556 604 556 605 465 605 467 605 556 606 467 606 557 606 557 607 467 607 469 607 557 608 469 608 558 608 558 609 469 609 471 609 558 610 471 610 559 610 559 611 471 611 473 611 559 612 473 612 560 612 560 613 473 613 475 613 560 614 475 614 561 614 561 615 475 615 476 615 561 616 476 616 562 616 562 617 476 617 478 617 562 618 478 618 563 618 563 619 478 619 480 619 563 620 480 620 564 620 564 621 480 621 482 621 564 622 482 622 565 622 565 623 482 623 484 623 565 624 484 624 566 624 566 625 484 625 485 625 566 626 485 626 567 626 567 627 485 627 486 627 567 628 486 628 568 628 568 629 486 629 362 629 568 630 362 630 569 630 569 631 362 631 363 631 569 632 363 632 570 632 570 633 363 633 364 633 570 634 364 634 571 634 571 635 364 635 366 635 571 636 366 636 572 636 572 637 366 637 368 637 572 638 368 638 573 638 573 639 368 639 370 639 573 640 370 640 574 640 574 641 370 641 372 641 574 642 372 642 575 642 575 643 372 643 374 643 575 644 374 644 576 644 576 645 374 645 376 645 576 646 376 646 378 646 452 647 552 647 449 647 449 648 552 648 577 648 449 649 577 649 447 649 447 650 577 650 578 650 447 651 578 651 445 651 445 652 578 652 579 652 445 653 579 653 443 653 443 654 579 654 580 654 443 655 580 655 441 655 441 656 580 656 581 656 441 657 581 657 439 657 439 658 581 658 582 658 439 659 582 659 438 659 438 660 582 660 583 660 438 661 583 661 436 661 436 662 583 662 584 662 436 663 584 663 434 663 434 664 584 664 585 664 434 665 585 665 432 665 432 666 585 666 586 666 432 667 586 667 430 667 430 668 586 668 587 668 430 669 587 669 429 669 429 670 587 670 588 670 429 671 588 671 428 671 428 672 588 672 589 672 428 673 589 673 426 673 426 674 589 674 590 674 426 675 590 675 424 675 424 676 590 676 591 676 424 677 591 677 550 677 550 678 591 678 592 678 550 679 592 679 548 679 548 680 592 680 593 680 548 681 593 681 546 681 546 682 593 682 594 682 546 683 594 683 544 683 544 684 594 684 595 684 544 685 595 685 542 685 542 686 595 686 596 686 542 687 596 687 540 687 540 688 596 688 597 688 540 689 597 689 538 689 538 690 597 690 598 690 538 691 598 691 536 691 536 692 598 692 534 692 534 693 598 693 599 693 534 694 599 694 532 694 532 695 599 695 600 695 532 696 600 696 530 696 530 697 600 697 601 697 530 698 601 698 528 698 528 699 601 699 602 699 528 700 602 700 526 700 526 701 602 701 603 701 526 702 603 702 524 702 524 703 603 703 604 703 524 704 604 704 522 704 522 705 604 705 605 705 522 706 605 706 520 706 520 707 605 707 606 707 520 708 606 708 518 708 518 709 606 709 607 709 518 710 607 710 516 710 516 711 607 711 608 711 516 712 608 712 514 712 514 713 608 713 609 713 514 714 609 714 512 714 512 715 609 715 610 715 512 716 610 716 510 716 510 717 610 717 611 717 510 718 611 718 508 718 508 719 611 719 612 719 508 720 612 720 505 720 505 721 612 721 613 721 505 722 613 722 503 722 503 723 613 723 614 723 503 724 614 724 501 724 501 725 614 725 615 725 501 726 615 726 499 726 499 727 615 727 616 727 499 728 616 728 497 728 497 729 616 729 617 729 497 730 617 730 495 730 495 731 617 731 618 731 495 732 618 732 493 732 493 733 618 733 619 733 493 734 619 734 490 734 490 735 619 735 620 735 490 736 620 736 488 736 488 737 620 737 621 737 488 738 621 738 622 738 622 739 621 739 623 739 622 740 623 740 624 740 624 741 623 741 625 741 624 742 625 742 626 742 626 743 625 743 627 743 626 744 627 744 628 744 628 745 627 745 629 745 628 746 629 746 630 746 630 747 629 747 631 747 630 748 631 748 632 748 632 749 631 749 633 749 632 750 633 750 634 750 634 751 633 751 635 751 634 752 635 752 636 752 636 753 635 753 637 753 636 754 637 754 638 754 638 755 637 755 639 755 638 756 639 756 640 756 640 757 639 757 641 757 640 758 641 758 642 758 642 759 641 759 643 759 642 760 643 760 644 760 644 761 643 761 645 761 644 762 645 762 646 762 646 763 645 763 647 763 646 764 647 764 648 764 648 765 647 765 649 765 648 766 649 766 650 766 650 767 649 767 651 767 650 768 651 768 652 768 652 769 651 769 653 769 652 770 653 770 654 770 654 771 653 771 655 771 654 772 655 772 656 772 656 773 655 773 657 773 656 774 657 774 658 774 658 775 657 775 659 775 658 776 659 776 660 776 660 777 659 777 661 777 660 778 661 778 662 778 662 779 661 779 663 779 662 780 663 780 664 780 664 781 663 781 665 781 664 782 665 782 666 782 666 783 665 783 667 783 667 784 665 784 668 784 667 785 668 785 669 785 669 786 668 786 670 786 669 787 670 787 671 787 671 788 670 788 672 788 671 789 672 789 673 789 673 790 672 790 674 790 673 791 674 791 675 791 675 792 674 792 676 792 675 793 676 793 677 793 677 794 676 794 678 794 677 795 678 795 679 795 679 796 678 796 680 796 679 797 680 797 299 797 299 798 680 798 681 798 299 799 681 799 297 799 297 800 681 800 682 800 297 801 682 801 296 801 296 802 682 802 683 802 296 803 683 803 295 803 295 804 683 804 684 804 295 805 684 805 293 805 293 806 684 806 685 806 293 807 685 807 291 807 291 808 685 808 686 808 291 809 686 809 289 809 289 810 686 810 687 810 289 811 687 811 287 811 287 812 687 812 688 812 287 813 688 813 286 813 286 814 688 814 689 814 286 815 689 815 284 815 284 816 689 816 690 816 284 817 690 817 282 817 282 818 690 818 691 818 282 819 691 819 280 819 280 820 691 820 692 820 280 821 692 821 278 821 278 822 692 822 693 822 278 823 693 823 276 823 276 824 693 824 694 824 276 825 694 825 273 825 273 826 694 826 695 826 273 827 695 827 268 827 268 828 695 828 696 828 268 829 696 829 263 829 263 830 696 830 697 830 263 831 697 831 260 831 260 832 697 832 698 832 260 833 698 833 258 833 258 834 698 834 699 834 258 835 699 835 256 835 256 836 699 836 700 836 256 837 700 837 254 837 254 838 700 838 701 838 254 839 701 839 252 839 252 840 701 840 702 840 252 841 702 841 250 841 250 842 702 842 703 842 250 843 703 843 249 843 249 844 703 844 704 844 249 845 704 845 247 845 247 846 704 846 705 846 247 847 705 847 245 847 245 848 705 848 706 848 245 849 706 849 243 849 243 850 706 850 707 850 243 851 707 851 241 851 241 852 707 852 708 852 241 853 708 853 240 853 240 854 708 854 709 854 240 855 709 855 239 855 239 856 709 856 710 856 239 857 710 857 238 857 238 858 710 858 711 858 238 859 711 859 237 859 237 860 711 860 712 860 237 861 712 861 360 861 360 862 712 862 713 862 360 863 713 863 358 863 358 864 713 864 714 864 358 865 714 865 356 865 356 866 714 866 715 866 356 867 715 867 354 867 354 868 715 868 716 868 354 869 716 869 352 869 352 870 716 870 717 870 352 871 717 871 350 871 350 872 717 872 718 872 350 873 718 873 348 873 348 874 718 874 719 874 348 875 719 875 346 875 346 876 719 876 344 876 344 877 719 877 720 877 344 878 720 878 342 878 342 879 720 879 721 879 342 880 721 880 340 880 340 881 721 881 722 881 340 882 722 882 338 882 338 883 722 883 723 883 338 884 723 884 336 884 336 885 723 885 724 885 336 886 724 886 334 886 334 887 724 887 725 887 334 888 725 888 332 888 332 889 725 889 726 889 332 890 726 890 330 890 330 891 726 891 727 891 330 892 727 892 328 892 328 893 727 893 728 893 328 894 728 894 326 894 326 895 728 895 729 895 326 896 729 896 324 896 324 897 729 897 730 897 324 898 730 898 322 898 322 899 730 899 731 899 322 900 731 900 320 900 320 901 731 901 732 901 320 902 732 902 318 902 318 903 732 903 733 903 318 904 733 904 315 904 315 905 733 905 734 905 315 906 734 906 313 906 313 907 734 907 735 907 313 908 735 908 311 908 311 909 735 909 736 909 311 910 736 910 309 910 309 911 736 911 737 911 309 912 737 912 307 912 307 913 737 913 738 913 307 914 738 914 305 914 305 915 738 915 739 915 305 916 739 916 303 916 303 917 739 917 740 917 303 918 740 918 301 918 301 919 740 919 741 919 301 920 741 920 300 920 300 921 741 921 742 921 300 922 742 922 421 922 421 923 742 923 743 923 421 924 743 924 419 924 419 925 743 925 744 925 419 926 744 926 417 926 417 927 744 927 745 927 417 928 745 928 415 928 415 929 745 929 746 929 415 930 746 930 413 930 413 931 746 931 747 931 413 932 747 932 411 932 411 933 747 933 748 933 411 934 748 934 409 934 409 935 748 935 749 935 409 936 749 936 406 936 406 937 749 937 750 937 406 938 750 938 404 938 404 939 750 939 751 939 404 940 751 940 402 940 402 941 751 941 752 941 402 942 752 942 400 942 400 943 752 943 753 943 400 944 753 944 398 944 398 945 753 945 754 945 398 946 754 946 396 946 396 947 754 947 755 947 396 948 755 948 394 948 394 949 755 949 756 949 394 950 756 950 392 950 392 951 756 951 757 951 392 952 757 952 390 952 390 953 757 953 758 953 390 954 758 954 388 954 388 955 758 955 759 955 388 956 759 956 386 956 386 957 759 957 760 957 386 958 760 958 384 958 384 959 760 959 761 959 384 960 761 960 382 960 382 961 761 961 762 961 382 962 762 962 380 962 380 963 762 963 763 963 380 964 763 964 378 964 378 965 763 965 576 965 764 966 458 966 765 966 765 967 458 967 456 967 765 968 456 968 455 968 458 969 764 969 459 969 459 970 764 970 766 970 459 971 766 971 460 971 460 972 766 972 767 972 460 973 767 973 461 973 461 974 767 974 768 974 461 975 768 975 463 975 463 976 768 976 769 976 463 977 769 977 464 977 464 978 769 978 770 978 464 979 770 979 466 979 466 980 770 980 771 980 466 981 771 981 468 981 468 982 771 982 772 982 468 983 772 983 470 983 470 984 772 984 773 984 470 985 773 985 472 985 472 986 773 986 774 986 472 987 774 987 474 987 474 988 774 988 775 988 474 989 775 989 477 989 477 990 775 990 776 990 477 991 776 991 479 991 479 992 776 992 777 992 479 993 777 993 481 993 481 994 777 994 778 994 481 995 778 995 483 995 483 996 778 996 779 996 483 997 779 997 780 997 780 998 779 998 781 998 781 999 779 999 782 999 782 1000 779 1000 783 1000 782 1001 783 1001 784 1001 784 1002 783 1002 0 1002 784 1003 0 1003 2 1003 783 1004 785 1004 0 1004 0 1005 785 1005 365 1005 365 1006 785 1006 786 1006 365 1007 786 1007 367 1007 367 1008 786 1008 787 1008 367 1009 787 1009 369 1009 369 1010 787 1010 788 1010 369 1011 788 1011 371 1011 371 1012 788 1012 789 1012 371 1013 789 1013 373 1013 373 1014 789 1014 790 1014 373 1015 790 1015 375 1015 375 1016 790 1016 791 1016 375 1017 791 1017 377 1017 377 1018 791 1018 792 1018 377 1019 792 1019 379 1019 379 1020 792 1020 793 1020 379 1021 793 1021 381 1021 381 1022 793 1022 794 1022 381 1023 794 1023 383 1023 383 1024 794 1024 795 1024 383 1025 795 1025 385 1025 385 1026 795 1026 796 1026 385 1027 796 1027 387 1027 387 1028 796 1028 797 1028 387 1029 797 1029 389 1029 389 1030 797 1030 798 1030 389 1031 798 1031 391 1031 391 1032 798 1032 799 1032 391 1033 799 1033 393 1033 393 1034 799 1034 800 1034 393 1035 800 1035 395 1035 395 1036 800 1036 801 1036 395 1037 801 1037 397 1037 397 1038 801 1038 802 1038 397 1039 802 1039 399 1039 399 1040 802 1040 803 1040 399 1041 803 1041 401 1041 401 1042 803 1042 804 1042 401 1043 804 1043 403 1043 403 1044 804 1044 805 1044 403 1045 805 1045 405 1045 405 1046 805 1046 806 1046 405 1047 806 1047 407 1047 407 1048 806 1048 807 1048 407 1049 807 1049 408 1049 408 1050 807 1050 808 1050 408 1051 808 1051 410 1051 410 1052 808 1052 809 1052 410 1053 809 1053 412 1053 412 1054 809 1054 810 1054 412 1055 810 1055 414 1055 414 1056 810 1056 811 1056 414 1057 811 1057 416 1057 416 1058 811 1058 812 1058 416 1059 812 1059 418 1059 418 1060 812 1060 813 1060 418 1061 813 1061 420 1061 420 1062 813 1062 814 1062 420 1063 814 1063 422 1063 422 1064 814 1064 815 1064 422 1065 815 1065 42 1065 42 1066 815 1066 47 1066 47 1067 815 1067 43 1067 43 1068 815 1068 85 1068 43 1069 85 1069 45 1069 815 1070 816 1070 85 1070 85 1071 816 1071 302 1071 302 1072 816 1072 817 1072 302 1073 817 1073 304 1073 304 1074 817 1074 818 1074 304 1075 818 1075 306 1075 306 1076 818 1076 819 1076 306 1077 819 1077 308 1077 308 1078 819 1078 820 1078 308 1079 820 1079 310 1079 310 1080 820 1080 821 1080 310 1081 821 1081 312 1081 312 1082 821 1082 822 1082 312 1083 822 1083 314 1083 314 1084 822 1084 823 1084 314 1085 823 1085 316 1085 316 1086 823 1086 824 1086 316 1087 824 1087 317 1087 317 1088 824 1088 825 1088 317 1089 825 1089 319 1089 319 1090 825 1090 826 1090 319 1091 826 1091 321 1091 321 1092 826 1092 827 1092 321 1093 827 1093 323 1093 323 1094 827 1094 828 1094 323 1095 828 1095 325 1095 325 1096 828 1096 829 1096 325 1097 829 1097 327 1097 327 1098 829 1098 830 1098 327 1099 830 1099 329 1099 329 1100 830 1100 831 1100 329 1101 831 1101 331 1101 331 1102 831 1102 832 1102 331 1103 832 1103 333 1103 333 1104 832 1104 833 1104 333 1105 833 1105 335 1105 335 1106 833 1106 834 1106 335 1107 834 1107 337 1107 337 1108 834 1108 835 1108 337 1109 835 1109 339 1109 339 1110 835 1110 836 1110 339 1111 836 1111 341 1111 341 1112 836 1112 837 1112 341 1113 837 1113 343 1113 343 1114 837 1114 838 1114 343 1115 838 1115 345 1115 345 1116 838 1116 839 1116 345 1117 839 1117 347 1117 347 1118 839 1118 840 1118 347 1119 840 1119 349 1119 349 1120 840 1120 841 1120 349 1121 841 1121 351 1121 351 1122 841 1122 842 1122 351 1123 842 1123 353 1123 353 1124 842 1124 843 1124 353 1125 843 1125 355 1125 355 1126 843 1126 844 1126 355 1127 844 1127 357 1127 357 1128 844 1128 845 1128 357 1129 845 1129 359 1129 359 1130 845 1130 846 1130 359 1131 846 1131 107 1131 107 1132 846 1132 112 1132 112 1133 846 1133 108 1133 108 1134 846 1134 150 1134 108 1135 150 1135 110 1135 846 1136 847 1136 150 1136 150 1137 847 1137 242 1137 242 1138 847 1138 848 1138 242 1139 848 1139 244 1139 244 1140 848 1140 849 1140 244 1141 849 1141 246 1141 246 1142 849 1142 850 1142 246 1143 850 1143 248 1143 248 1144 850 1144 851 1144 248 1145 851 1145 251 1145 251 1146 851 1146 852 1146 251 1147 852 1147 253 1147 253 1148 852 1148 853 1148 253 1149 853 1149 255 1149 255 1150 853 1150 854 1150 255 1151 854 1151 257 1151 257 1152 854 1152 855 1152 257 1153 855 1153 259 1153 259 1154 855 1154 856 1154 259 1155 856 1155 261 1155 261 1156 856 1156 857 1156 261 1157 857 1157 262 1157 262 1158 857 1158 858 1158 262 1159 858 1159 264 1159 264 1160 858 1160 859 1160 264 1161 859 1161 265 1161 265 1162 859 1162 860 1162 265 1163 860 1163 266 1163 266 1164 860 1164 861 1164 266 1165 861 1165 267 1165 267 1166 861 1166 862 1166 267 1167 862 1167 269 1167 269 1168 862 1168 863 1168 269 1169 863 1169 270 1169 270 1170 863 1170 864 1170 270 1171 864 1171 271 1171 271 1172 864 1172 865 1172 271 1173 865 1173 272 1173 272 1174 865 1174 866 1174 272 1175 866 1175 274 1175 274 1176 866 1176 867 1176 274 1177 867 1177 275 1177 275 1178 867 1178 868 1178 275 1179 868 1179 277 1179 277 1180 868 1180 869 1180 277 1181 869 1181 279 1181 279 1182 869 1182 870 1182 279 1183 870 1183 281 1183 281 1184 870 1184 871 1184 281 1185 871 1185 283 1185 283 1186 871 1186 872 1186 283 1187 872 1187 285 1187 285 1188 872 1188 873 1188 285 1189 873 1189 288 1189 288 1190 873 1190 874 1190 288 1191 874 1191 290 1191 290 1192 874 1192 875 1192 290 1193 875 1193 292 1193 292 1194 875 1194 876 1194 292 1195 876 1195 294 1195 294 1196 876 1196 877 1196 294 1197 877 1197 172 1197 172 1198 877 1198 177 1198 177 1199 877 1199 173 1199 173 1200 877 1200 215 1200 173 1201 215 1201 175 1201 877 1202 878 1202 215 1202 215 1203 878 1203 879 1203 879 1204 878 1204 880 1204 879 1205 880 1205 881 1205 881 1206 880 1206 882 1206 881 1207 882 1207 883 1207 883 1208 882 1208 884 1208 883 1209 884 1209 885 1209 885 1210 884 1210 886 1210 885 1211 886 1211 887 1211 887 1212 886 1212 888 1212 887 1213 888 1213 889 1213 889 1214 888 1214 890 1214 889 1215 890 1215 891 1215 891 1216 890 1216 892 1216 891 1217 892 1217 893 1217 893 1218 892 1218 894 1218 893 1219 894 1219 895 1219 895 1220 894 1220 896 1220 895 1221 896 1221 897 1221 897 1222 896 1222 898 1222 897 1223 898 1223 899 1223 899 1224 898 1224 900 1224 899 1225 900 1225 901 1225 901 1226 900 1226 902 1226 901 1227 902 1227 903 1227 903 1228 902 1228 904 1228 903 1229 904 1229 905 1229 905 1230 904 1230 906 1230 905 1231 906 1231 907 1231 907 1232 906 1232 908 1232 907 1233 908 1233 909 1233 909 1234 908 1234 910 1234 909 1235 910 1235 911 1235 911 1236 910 1236 912 1236 911 1237 912 1237 913 1237 913 1238 912 1238 914 1238 913 1239 914 1239 915 1239 915 1240 914 1240 916 1240 915 1241 916 1241 917 1241 917 1242 916 1242 918 1242 917 1243 918 1243 919 1243 919 1244 918 1244 920 1244 919 1245 920 1245 921 1245 921 1246 920 1246 922 1246 921 1247 922 1247 923 1247 923 1248 922 1248 924 1248 923 1249 924 1249 925 1249 925 1250 924 1250 926 1250 925 1251 926 1251 927 1251 927 1252 926 1252 928 1252 927 1253 928 1253 929 1253 929 1254 928 1254 930 1254 929 1255 930 1255 931 1255 931 1256 930 1256 932 1256 931 1257 932 1257 933 1257 933 1258 932 1258 934 1258 933 1259 934 1259 935 1259 935 1260 934 1260 936 1260 935 1261 936 1261 937 1261 937 1262 936 1262 938 1262 937 1263 938 1263 939 1263 939 1264 938 1264 940 1264 940 1265 938 1265 491 1265 940 1266 491 1266 941 1266 941 1267 491 1267 942 1267 938 1268 943 1268 491 1268 491 1269 943 1269 492 1269 492 1270 943 1270 944 1270 492 1271 944 1271 494 1271 494 1272 944 1272 945 1272 494 1273 945 1273 496 1273 496 1274 945 1274 946 1274 496 1275 946 1275 498 1275 498 1276 946 1276 947 1276 498 1277 947 1277 500 1277 500 1278 947 1278 948 1278 500 1279 948 1279 502 1279 502 1280 948 1280 949 1280 502 1281 949 1281 504 1281 504 1282 949 1282 950 1282 504 1283 950 1283 506 1283 506 1284 950 1284 951 1284 506 1285 951 1285 507 1285 507 1286 951 1286 952 1286 507 1287 952 1287 509 1287 509 1288 952 1288 953 1288 509 1289 953 1289 511 1289 511 1290 953 1290 954 1290 511 1291 954 1291 513 1291 513 1292 954 1292 955 1292 513 1293 955 1293 515 1293 515 1294 955 1294 956 1294 515 1295 956 1295 517 1295 517 1296 956 1296 957 1296 517 1297 957 1297 519 1297 519 1298 957 1298 958 1298 519 1299 958 1299 521 1299 521 1300 958 1300 959 1300 521 1301 959 1301 523 1301 523 1302 959 1302 960 1302 523 1303 960 1303 525 1303 525 1304 960 1304 961 1304 525 1305 961 1305 527 1305 527 1306 961 1306 962 1306 527 1307 962 1307 529 1307 529 1308 962 1308 963 1308 529 1309 963 1309 531 1309 531 1310 963 1310 964 1310 531 1311 964 1311 533 1311 533 1312 964 1312 965 1312 533 1313 965 1313 535 1313 535 1314 965 1314 966 1314 535 1315 966 1315 537 1315 537 1316 966 1316 967 1316 537 1317 967 1317 539 1317 539 1318 967 1318 968 1318 539 1319 968 1319 541 1319 541 1320 968 1320 969 1320 541 1321 969 1321 543 1321 543 1322 969 1322 970 1322 543 1323 970 1323 545 1323 545 1324 970 1324 971 1324 545 1325 971 1325 547 1325 547 1326 971 1326 972 1326 547 1327 972 1327 549 1327 549 1328 972 1328 973 1328 549 1329 973 1329 974 1329 974 1330 973 1330 975 1330 975 1331 973 1331 976 1331 976 1332 973 1332 977 1332 976 1333 977 1333 978 1333 978 1334 977 1334 979 1334 979 1335 977 1335 427 1335 427 1336 977 1336 980 1336 427 1337 980 1337 431 1337 431 1338 980 1338 981 1338 431 1339 981 1339 433 1339 433 1340 981 1340 982 1340 433 1341 982 1341 435 1341 435 1342 982 1342 983 1342 435 1343 983 1343 437 1343 437 1344 983 1344 984 1344 437 1345 984 1345 440 1345 440 1346 984 1346 985 1346 440 1347 985 1347 442 1347 442 1348 985 1348 986 1348 442 1349 986 1349 444 1349 444 1350 986 1350 987 1350 444 1351 987 1351 446 1351 446 1352 987 1352 988 1352 446 1353 988 1353 448 1353 448 1354 988 1354 989 1354 448 1355 989 1355 450 1355 450 1356 989 1356 990 1356 450 1357 990 1357 451 1357 451 1358 990 1358 991 1358 451 1359 991 1359 453 1359 453 1360 991 1360 992 1360 453 1361 992 1361 454 1361 454 1362 992 1362 993 1362 454 1363 993 1363 455 1363 455 1364 993 1364 765 1364 939 1365 994 1365 937 1365 172 1366 174 1366 294 1366 107 1367 109 1367 359 1367 42 1368 44 1368 422 1368 764 1369 765 1369 553 1369 553 1370 765 1370 993 1370 553 1371 993 1371 552 1371 552 1372 993 1372 992 1372 552 1373 992 1373 577 1373 577 1374 992 1374 991 1374 577 1375 991 1375 578 1375 578 1376 991 1376 990 1376 578 1377 990 1377 579 1377 579 1378 990 1378 989 1378 579 1379 989 1379 580 1379 580 1380 989 1380 988 1380 580 1381 988 1381 581 1381 581 1382 988 1382 987 1382 581 1383 987 1383 582 1383 582 1384 987 1384 986 1384 582 1385 986 1385 583 1385 583 1386 986 1386 985 1386 583 1387 985 1387 584 1387 584 1388 985 1388 984 1388 584 1389 984 1389 585 1389 585 1390 984 1390 983 1390 585 1391 983 1391 586 1391 586 1392 983 1392 982 1392 586 1393 982 1393 587 1393 587 1394 982 1394 981 1394 587 1395 981 1395 588 1395 588 1396 981 1396 980 1396 588 1397 980 1397 589 1397 589 1398 980 1398 977 1398 589 1399 977 1399 590 1399 590 1400 977 1400 973 1400 590 1401 973 1401 591 1401 591 1402 973 1402 972 1402 591 1403 972 1403 592 1403 592 1404 972 1404 971 1404 592 1405 971 1405 593 1405 593 1406 971 1406 970 1406 593 1407 970 1407 594 1407 594 1408 970 1408 969 1408 594 1409 969 1409 595 1409 595 1410 969 1410 968 1410 595 1411 968 1411 596 1411 596 1412 968 1412 967 1412 596 1413 967 1413 597 1413 597 1414 967 1414 966 1414 597 1415 966 1415 598 1415 598 1416 966 1416 965 1416 598 1417 965 1417 599 1417 599 1418 965 1418 964 1418 599 1419 964 1419 600 1419 600 1420 964 1420 963 1420 600 1421 963 1421 601 1421 601 1422 963 1422 962 1422 601 1423 962 1423 602 1423 602 1424 962 1424 961 1424 602 1425 961 1425 603 1425 603 1426 961 1426 960 1426 603 1427 960 1427 604 1427 604 1428 960 1428 959 1428 604 1429 959 1429 605 1429 605 1430 959 1430 958 1430 605 1431 958 1431 606 1431 606 1432 958 1432 957 1432 606 1433 957 1433 607 1433 607 1434 957 1434 956 1434 607 1435 956 1435 608 1435 608 1436 956 1436 955 1436 608 1437 955 1437 609 1437 609 1438 955 1438 954 1438 609 1439 954 1439 610 1439 610 1440 954 1440 953 1440 610 1441 953 1441 611 1441 611 1442 953 1442 952 1442 611 1443 952 1443 951 1443 611 1444 951 1444 612 1444 612 1445 951 1445 950 1445 612 1446 950 1446 613 1446 613 1447 950 1447 949 1447 613 1448 949 1448 614 1448 614 1449 949 1449 948 1449 614 1450 948 1450 615 1450 615 1451 948 1451 947 1451 615 1452 947 1452 616 1452 616 1453 947 1453 946 1453 616 1454 946 1454 617 1454 617 1455 946 1455 945 1455 617 1456 945 1456 618 1456 618 1457 945 1457 944 1457 618 1458 944 1458 619 1458 619 1459 944 1459 943 1459 619 1460 943 1460 620 1460 620 1461 943 1461 938 1461 620 1462 938 1462 621 1462 621 1463 938 1463 936 1463 621 1464 936 1464 623 1464 623 1465 936 1465 934 1465 623 1466 934 1466 625 1466 625 1467 934 1467 932 1467 625 1468 932 1468 627 1468 627 1469 932 1469 930 1469 627 1470 930 1470 629 1470 629 1471 930 1471 928 1471 629 1472 928 1472 631 1472 631 1473 928 1473 926 1473 631 1474 926 1474 633 1474 633 1475 926 1475 924 1475 633 1476 924 1476 635 1476 635 1477 924 1477 922 1477 635 1478 922 1478 637 1478 637 1479 922 1479 920 1479 637 1480 920 1480 639 1480 639 1481 920 1481 918 1481 639 1482 918 1482 641 1482 641 1483 918 1483 916 1483 641 1484 916 1484 643 1484 643 1485 916 1485 914 1485 643 1486 914 1486 645 1486 645 1487 914 1487 912 1487 645 1488 912 1488 647 1488 647 1489 912 1489 910 1489 647 1490 910 1490 649 1490 649 1491 910 1491 908 1491 649 1492 908 1492 651 1492 651 1493 908 1493 906 1493 651 1494 906 1494 653 1494 653 1495 906 1495 904 1495 653 1496 904 1496 655 1496 655 1497 904 1497 902 1497 655 1498 902 1498 657 1498 657 1499 902 1499 900 1499 657 1500 900 1500 659 1500 659 1501 900 1501 898 1501 659 1502 898 1502 661 1502 661 1503 898 1503 896 1503 661 1504 896 1504 663 1504 663 1505 896 1505 894 1505 663 1506 894 1506 665 1506 665 1507 894 1507 892 1507 665 1508 892 1508 668 1508 668 1509 892 1509 890 1509 668 1510 890 1510 670 1510 670 1511 890 1511 888 1511 670 1512 888 1512 672 1512 672 1513 888 1513 886 1513 672 1514 886 1514 674 1514 674 1515 886 1515 884 1515 674 1516 884 1516 676 1516 676 1517 884 1517 882 1517 676 1518 882 1518 880 1518 676 1519 880 1519 678 1519 678 1520 880 1520 878 1520 678 1521 878 1521 680 1521 680 1522 878 1522 877 1522 680 1523 877 1523 681 1523 681 1524 877 1524 876 1524 681 1525 876 1525 682 1525 682 1526 876 1526 875 1526 682 1527 875 1527 683 1527 683 1528 875 1528 874 1528 683 1529 874 1529 684 1529 684 1530 874 1530 873 1530 684 1531 873 1531 685 1531 685 1532 873 1532 872 1532 685 1533 872 1533 686 1533 686 1534 872 1534 871 1534 686 1535 871 1535 687 1535 687 1536 871 1536 870 1536 687 1537 870 1537 688 1537 688 1538 870 1538 869 1538 688 1539 869 1539 689 1539 689 1540 869 1540 868 1540 689 1541 868 1541 690 1541 690 1542 868 1542 867 1542 690 1543 867 1543 691 1543 691 1544 867 1544 866 1544 691 1545 866 1545 692 1545 692 1546 866 1546 865 1546 692 1547 865 1547 693 1547 693 1548 865 1548 864 1548 693 1549 864 1549 694 1549 694 1550 864 1550 863 1550 694 1551 863 1551 695 1551 695 1552 863 1552 862 1552 695 1553 862 1553 696 1553 696 1554 862 1554 861 1554 696 1555 861 1555 697 1555 697 1556 861 1556 860 1556 697 1557 860 1557 698 1557 698 1558 860 1558 859 1558 698 1559 859 1559 699 1559 699 1560 859 1560 858 1560 699 1561 858 1561 700 1561 700 1562 858 1562 857 1562 700 1563 857 1563 701 1563 701 1564 857 1564 856 1564 701 1565 856 1565 702 1565 702 1566 856 1566 855 1566 702 1567 855 1567 703 1567 703 1568 855 1568 854 1568 703 1569 854 1569 704 1569 704 1570 854 1570 853 1570 704 1571 853 1571 705 1571 705 1572 853 1572 852 1572 705 1573 852 1573 706 1573 706 1574 852 1574 851 1574 706 1575 851 1575 707 1575 707 1576 851 1576 850 1576 707 1577 850 1577 708 1577 708 1578 850 1578 849 1578 708 1579 849 1579 709 1579 709 1580 849 1580 848 1580 709 1581 848 1581 710 1581 710 1582 848 1582 847 1582 710 1583 847 1583 711 1583 711 1584 847 1584 846 1584 711 1585 846 1585 712 1585 712 1586 846 1586 845 1586 712 1587 845 1587 713 1587 713 1588 845 1588 844 1588 713 1589 844 1589 714 1589 714 1590 844 1590 843 1590 714 1591 843 1591 842 1591 714 1592 842 1592 715 1592 715 1593 842 1593 841 1593 715 1594 841 1594 716 1594 716 1595 841 1595 840 1595 716 1596 840 1596 717 1596 717 1597 840 1597 839 1597 717 1598 839 1598 718 1598 718 1599 839 1599 838 1599 718 1600 838 1600 719 1600 719 1601 838 1601 837 1601 719 1602 837 1602 720 1602 720 1603 837 1603 836 1603 720 1604 836 1604 721 1604 721 1605 836 1605 835 1605 721 1606 835 1606 722 1606 722 1607 835 1607 834 1607 722 1608 834 1608 723 1608 723 1609 834 1609 833 1609 723 1610 833 1610 724 1610 724 1611 833 1611 832 1611 724 1612 832 1612 725 1612 725 1613 832 1613 831 1613 725 1614 831 1614 726 1614 726 1615 831 1615 830 1615 726 1616 830 1616 727 1616 727 1617 830 1617 829 1617 727 1618 829 1618 728 1618 728 1619 829 1619 828 1619 728 1620 828 1620 729 1620 729 1621 828 1621 827 1621 729 1622 827 1622 730 1622 730 1623 827 1623 826 1623 730 1624 826 1624 731 1624 731 1625 826 1625 825 1625 731 1626 825 1626 732 1626 732 1627 825 1627 824 1627 732 1628 824 1628 733 1628 733 1629 824 1629 823 1629 733 1630 823 1630 734 1630 734 1631 823 1631 822 1631 734 1632 822 1632 735 1632 735 1633 822 1633 821 1633 735 1634 821 1634 736 1634 736 1635 821 1635 820 1635 736 1636 820 1636 737 1636 737 1637 820 1637 819 1637 737 1638 819 1638 738 1638 738 1639 819 1639 818 1639 738 1640 818 1640 739 1640 739 1641 818 1641 817 1641 739 1642 817 1642 740 1642 740 1643 817 1643 816 1643 740 1644 816 1644 741 1644 741 1645 816 1645 815 1645 741 1646 815 1646 742 1646 742 1647 815 1647 814 1647 742 1648 814 1648 743 1648 743 1649 814 1649 813 1649 743 1650 813 1650 744 1650 744 1651 813 1651 812 1651 744 1652 812 1652 745 1652 745 1653 812 1653 811 1653 745 1654 811 1654 746 1654 746 1655 811 1655 810 1655 746 1656 810 1656 747 1656 747 1657 810 1657 809 1657 747 1658 809 1658 748 1658 748 1659 809 1659 808 1659 748 1660 808 1660 749 1660 749 1661 808 1661 807 1661 749 1662 807 1662 750 1662 750 1663 807 1663 806 1663 750 1664 806 1664 751 1664 751 1665 806 1665 805 1665 751 1666 805 1666 804 1666 751 1667 804 1667 752 1667 752 1668 804 1668 803 1668 752 1669 803 1669 753 1669 753 1670 803 1670 802 1670 753 1671 802 1671 754 1671 754 1672 802 1672 801 1672 754 1673 801 1673 755 1673 755 1674 801 1674 800 1674 755 1675 800 1675 756 1675 756 1676 800 1676 799 1676 756 1677 799 1677 757 1677 757 1678 799 1678 798 1678 757 1679 798 1679 758 1679 758 1680 798 1680 797 1680 758 1681 797 1681 759 1681 759 1682 797 1682 796 1682 759 1683 796 1683 760 1683 760 1684 796 1684 795 1684 760 1685 795 1685 761 1685 761 1686 795 1686 794 1686 761 1687 794 1687 762 1687 762 1688 794 1688 793 1688 762 1689 793 1689 763 1689 763 1690 793 1690 792 1690 763 1691 792 1691 576 1691 576 1692 792 1692 791 1692 576 1693 791 1693 575 1693 575 1694 791 1694 790 1694 575 1695 790 1695 574 1695 574 1696 790 1696 789 1696 574 1697 789 1697 573 1697 573 1698 789 1698 788 1698 573 1699 788 1699 572 1699 572 1700 788 1700 787 1700 572 1701 787 1701 571 1701 571 1702 787 1702 786 1702 571 1703 786 1703 570 1703 570 1704 786 1704 785 1704 570 1705 785 1705 569 1705 569 1706 785 1706 783 1706 569 1707 783 1707 568 1707 568 1708 783 1708 779 1708 568 1709 779 1709 567 1709 567 1710 779 1710 778 1710 567 1711 778 1711 566 1711 566 1712 778 1712 777 1712 566 1713 777 1713 565 1713 565 1714 777 1714 776 1714 565 1715 776 1715 564 1715 564 1716 776 1716 775 1716 564 1717 775 1717 563 1717 563 1718 775 1718 774 1718 563 1719 774 1719 562 1719 562 1720 774 1720 773 1720 562 1721 773 1721 561 1721 561 1722 773 1722 772 1722 561 1723 772 1723 560 1723 560 1724 772 1724 771 1724 560 1725 771 1725 559 1725 559 1726 771 1726 770 1726 559 1727 770 1727 558 1727 558 1728 770 1728 769 1728 558 1729 769 1729 557 1729 557 1730 769 1730 768 1730 557 1731 768 1731 556 1731 556 1732 768 1732 767 1732 556 1733 767 1733 555 1733 555 1734 767 1734 766 1734 555 1735 766 1735 554 1735 554 1736 766 1736 764 1736 554 1737 764 1737 553 1737 488 1738 622 1738 995 1738 995 1739 622 1739 937 1739 937 1740 622 1740 935 1740 935 1741 622 1741 624 1741 935 1742 624 1742 933 1742 933 1743 624 1743 626 1743 933 1744 626 1744 931 1744 931 1745 626 1745 628 1745 931 1746 628 1746 929 1746 929 1747 628 1747 630 1747 929 1748 630 1748 927 1748 927 1749 630 1749 632 1749 927 1750 632 1750 925 1750 925 1751 632 1751 634 1751 925 1752 634 1752 923 1752 923 1753 634 1753 636 1753 923 1754 636 1754 921 1754 921 1755 636 1755 919 1755 919 1756 636 1756 638 1756 919 1757 638 1757 917 1757 917 1758 638 1758 640 1758 917 1759 640 1759 915 1759 915 1760 640 1760 642 1760 915 1761 642 1761 913 1761 913 1762 642 1762 644 1762 913 1763 644 1763 911 1763 911 1764 644 1764 646 1764 911 1765 646 1765 909 1765 909 1766 646 1766 648 1766 909 1767 648 1767 907 1767 907 1768 648 1768 650 1768 907 1769 650 1769 905 1769 905 1770 650 1770 652 1770 905 1771 652 1771 903 1771 903 1772 652 1772 654 1772 903 1773 654 1773 901 1773 901 1774 654 1774 656 1774 901 1775 656 1775 899 1775 899 1776 656 1776 658 1776 899 1777 658 1777 897 1777 897 1778 658 1778 660 1778 897 1779 660 1779 895 1779 895 1780 660 1780 662 1780 895 1781 662 1781 893 1781 893 1782 662 1782 664 1782 893 1783 664 1783 891 1783 891 1784 664 1784 666 1784 891 1785 666 1785 889 1785 889 1786 666 1786 667 1786 889 1787 667 1787 887 1787 887 1788 667 1788 669 1788 887 1789 669 1789 885 1789 885 1790 669 1790 671 1790 885 1791 671 1791 883 1791 883 1792 671 1792 673 1792 883 1793 673 1793 881 1793 881 1794 673 1794 675 1794 881 1795 675 1795 879 1795 879 1796 675 1796 677 1796 879 1797 677 1797 215 1797 215 1798 677 1798 679 1798 215 1799 679 1799 220 1799 220 1800 679 1800 299 1800 551 1801 549 1801 996 1801 996 1802 549 1802 974 1802 996 1803 974 1803 997 1803 997 1804 974 1804 998 1804 997 1805 998 1805 999 1805 999 1806 998 1806 1000 1806 1000 1807 998 1807 1001 1807 1000 1808 1001 1808 1002 1808 1002 1809 1001 1809 1003 1809 1002 1810 1003 1810 1004 1810 1004 1811 1003 1811 1005 1811 1004 1812 1005 1812 1006 1812 1006 1813 1005 1813 1007 1813 1006 1814 1007 1814 1008 1814 1008 1815 1007 1815 1009 1815 1008 1816 1009 1816 1010 1816 1010 1817 1009 1817 1011 1817 1011 1818 1009 1818 1012 1818 1011 1819 1012 1819 1013 1819 1013 1820 1012 1820 1014 1820 1013 1821 1014 1821 1015 1821 1015 1822 1014 1822 1016 1822 1015 1823 1016 1823 1017 1823 1017 1824 1016 1824 1018 1824 1017 1825 1018 1825 1019 1825 1019 1826 1018 1826 1020 1826 1019 1827 1020 1827 1021 1827 1021 1828 1020 1828 1022 1828 1021 1829 1022 1829 1023 1829 1023 1830 1022 1830 1024 1830 1023 1831 1024 1831 1025 1831 1025 1832 1024 1832 1026 1832 1025 1833 1026 1833 1027 1833 1025 1834 1027 1834 1028 1834 1028 1835 1027 1835 1029 1835 1028 1836 1029 1836 1030 1836 1030 1837 1031 1837 1028 1837 1028 1838 1031 1838 1032 1838 1028 1839 1032 1839 1033 1839 1033 1840 1032 1840 1034 1840 976 1841 978 1841 975 1841 975 1842 978 1842 974 1842 974 1843 978 1843 979 1843 974 1844 979 1844 1035 1844 974 1845 1035 1845 998 1845 998 1846 1035 1846 1036 1846 998 1847 1036 1847 1001 1847 1001 1848 1036 1848 1037 1848 1001 1849 1037 1849 1003 1849 1003 1850 1037 1850 1038 1850 1003 1851 1038 1851 1005 1851 1005 1852 1038 1852 1039 1852 1005 1853 1039 1853 1007 1853 1007 1854 1039 1854 1040 1854 1007 1855 1040 1855 1009 1855 1009 1856 1040 1856 1041 1856 1009 1857 1041 1857 1012 1857 1012 1858 1041 1858 1042 1858 1012 1859 1042 1859 1014 1859 1014 1860 1042 1860 1043 1860 1014 1861 1043 1861 1016 1861 1016 1862 1043 1862 1044 1862 1016 1863 1044 1863 1018 1863 1018 1864 1044 1864 1045 1864 1018 1865 1045 1865 1020 1865 1020 1866 1045 1866 1046 1866 1020 1867 1046 1867 1022 1867 1022 1868 1046 1868 1047 1868 1022 1869 1047 1869 1024 1869 1024 1870 1047 1870 1048 1870 1024 1871 1048 1871 1026 1871 1026 1872 1048 1872 1049 1872 1026 1873 1049 1873 1027 1873 1027 1874 1049 1874 1050 1874 1027 1875 1050 1875 1029 1875 1029 1876 1050 1876 1051 1876 1029 1877 1051 1877 1030 1877 1030 1878 1051 1878 1052 1878 1030 1879 1052 1879 1031 1879 1031 1880 1052 1880 1053 1880 1031 1881 1053 1881 1032 1881 1028 1882 1054 1882 1025 1882 1025 1883 1054 1883 1055 1883 1025 1884 1055 1884 1023 1884 1023 1885 1055 1885 1056 1885 1023 1886 1056 1886 1021 1886 1021 1887 1056 1887 1057 1887 1021 1888 1057 1888 1019 1888 1019 1889 1057 1889 1058 1889 1019 1890 1058 1890 1017 1890 1017 1891 1058 1891 1059 1891 1017 1892 1059 1892 1015 1892 1015 1893 1059 1893 1060 1893 1015 1894 1060 1894 1013 1894 1013 1895 1060 1895 1061 1895 1013 1896 1061 1896 1011 1896 1011 1897 1061 1897 1062 1897 1011 1898 1062 1898 1010 1898 1010 1899 1062 1899 1063 1899 1010 1900 1063 1900 1008 1900 1008 1901 1063 1901 1064 1901 1008 1902 1064 1902 1006 1902 1006 1903 1064 1903 1065 1903 1006 1904 1065 1904 1004 1904 1004 1905 1065 1905 1066 1905 1004 1906 1066 1906 1002 1906 1002 1907 1066 1907 1067 1907 1002 1908 1067 1908 1000 1908 1000 1909 1067 1909 1068 1909 1000 1910 1068 1910 999 1910 999 1911 1068 1911 1069 1911 999 1912 1069 1912 997 1912 997 1913 1069 1913 1070 1913 997 1914 1070 1914 996 1914 996 1915 1070 1915 1071 1915 551 1916 996 1916 424 1916 424 1917 996 1917 1071 1917 424 1918 1071 1918 425 1918 427 1919 1071 1919 979 1919 979 1920 1071 1920 1070 1920 979 1921 1070 1921 1035 1921 1035 1922 1070 1922 1069 1922 1035 1923 1069 1923 1068 1923 427 1924 425 1924 1071 1924 1035 1925 1068 1925 1036 1925 1036 1926 1068 1926 1067 1926 1036 1927 1067 1927 1037 1927 1037 1928 1067 1928 1066 1928 1037 1929 1066 1929 1038 1929 1038 1930 1066 1930 1065 1930 1038 1931 1065 1931 1039 1931 1039 1932 1065 1932 1064 1932 1039 1933 1064 1933 1040 1933 1040 1934 1064 1934 1063 1934 1040 1935 1063 1935 1062 1935 1040 1936 1062 1936 1041 1936 1041 1937 1062 1937 1061 1937 1041 1938 1061 1938 1042 1938 1042 1939 1061 1939 1060 1939 1042 1940 1060 1940 1043 1940 1043 1941 1060 1941 1059 1941 1043 1942 1059 1942 1044 1942 1044 1943 1059 1943 1058 1943 1044 1944 1058 1944 1045 1944 1045 1945 1058 1945 1057 1945 1045 1946 1057 1946 1046 1946 1046 1947 1057 1947 1056 1947 1046 1948 1056 1948 1047 1948 1047 1949 1056 1949 1055 1949 1047 1950 1055 1950 1048 1950 1048 1951 1055 1951 1049 1951 1049 1952 1055 1952 1054 1952 1049 1953 1054 1953 1050 1953 1050 1954 1054 1954 1051 1954 1051 1955 1054 1955 1052 1955 1052 1956 1054 1956 1053 1956 1053 1957 1054 1957 1072 1957 1072 1958 1054 1958 1073 1958 487 1959 483 1959 1074 1959 1074 1960 483 1960 780 1960 1074 1961 780 1961 1075 1961 1075 1962 780 1962 1076 1962 1075 1963 1076 1963 1077 1963 1077 1964 1076 1964 1078 1964 1078 1965 1076 1965 1079 1965 1078 1966 1079 1966 1080 1966 1080 1967 1079 1967 1081 1967 1080 1968 1081 1968 1082 1968 1082 1969 1081 1969 1083 1969 1082 1970 1083 1970 1084 1970 1084 1971 1083 1971 1085 1971 1084 1972 1085 1972 1086 1972 1086 1973 1085 1973 1087 1973 1086 1974 1087 1974 1088 1974 1088 1975 1087 1975 1089 1975 1089 1976 1087 1976 1090 1976 1089 1977 1090 1977 1091 1977 1091 1978 1090 1978 1092 1978 1091 1979 1092 1979 1093 1979 1093 1980 1092 1980 1094 1980 1093 1981 1094 1981 1095 1981 1095 1982 1094 1982 1096 1982 1095 1983 1096 1983 1097 1983 1097 1984 1096 1984 1098 1984 1097 1985 1098 1985 1099 1985 1099 1986 1098 1986 1100 1986 1099 1987 1100 1987 1101 1987 1101 1988 1100 1988 1102 1988 1101 1989 1102 1989 1103 1989 1103 1990 1102 1990 1104 1990 1103 1991 1104 1991 1105 1991 1103 1992 1105 1992 1106 1992 1106 1993 1105 1993 1107 1993 1106 1994 1107 1994 1108 1994 1108 1995 1109 1995 1106 1995 1106 1996 1109 1996 1110 1996 1106 1997 1110 1997 1111 1997 1111 1998 1110 1998 1112 1998 782 1999 784 1999 781 1999 781 2000 784 2000 780 2000 780 2001 784 2001 2 2001 780 2002 2 2002 4 2002 780 2003 4 2003 1076 2003 1076 2004 4 2004 8 2004 1076 2005 8 2005 1079 2005 1079 2006 8 2006 10 2006 1079 2007 10 2007 1081 2007 1081 2008 10 2008 12 2008 1081 2009 12 2009 1083 2009 1083 2010 12 2010 14 2010 1083 2011 14 2011 1085 2011 1085 2012 14 2012 16 2012 1085 2013 16 2013 1087 2013 1087 2014 16 2014 19 2014 1087 2015 19 2015 1090 2015 1090 2016 19 2016 21 2016 1090 2017 21 2017 1092 2017 1092 2018 21 2018 23 2018 1092 2019 23 2019 1094 2019 1094 2020 23 2020 25 2020 1094 2021 25 2021 1096 2021 1096 2022 25 2022 27 2022 1096 2023 27 2023 1098 2023 1098 2024 27 2024 29 2024 1098 2025 29 2025 1100 2025 1100 2026 29 2026 31 2026 1100 2027 31 2027 1102 2027 1102 2028 31 2028 33 2028 1102 2029 33 2029 1104 2029 1104 2030 33 2030 34 2030 1104 2031 34 2031 1105 2031 1105 2032 34 2032 36 2032 1105 2033 36 2033 1107 2033 1107 2034 36 2034 37 2034 1107 2035 37 2035 1108 2035 1108 2036 37 2036 38 2036 1108 2037 38 2037 1109 2037 1109 2038 38 2038 39 2038 1109 2039 39 2039 1110 2039 1106 2040 35 2040 1103 2040 1103 2041 35 2041 32 2041 1103 2042 32 2042 1101 2042 1101 2043 32 2043 30 2043 1101 2044 30 2044 1099 2044 1099 2045 30 2045 28 2045 1099 2046 28 2046 1097 2046 1097 2047 28 2047 26 2047 1097 2048 26 2048 1095 2048 1095 2049 26 2049 24 2049 1095 2050 24 2050 1093 2050 1093 2051 24 2051 22 2051 1093 2052 22 2052 1091 2052 1091 2053 22 2053 20 2053 1091 2054 20 2054 1089 2054 1089 2055 20 2055 18 2055 1089 2056 18 2056 1088 2056 1088 2057 18 2057 17 2057 1088 2058 17 2058 1086 2058 1086 2059 17 2059 15 2059 1086 2060 15 2060 1084 2060 1084 2061 15 2061 13 2061 1084 2062 13 2062 1082 2062 1082 2063 13 2063 11 2063 1082 2064 11 2064 1080 2064 1080 2065 11 2065 9 2065 1080 2066 9 2066 1078 2066 1078 2067 9 2067 6 2067 1078 2068 6 2068 1077 2068 1077 2069 6 2069 5 2069 1077 2070 5 2070 1075 2070 1075 2071 5 2071 3 2071 1075 2072 3 2072 1074 2072 1074 2073 3 2073 1 2073 487 2074 1074 2074 362 2074 362 2075 1074 2075 1 2075 362 2076 1 2076 7 2076 423 2077 422 2077 1113 2077 1113 2078 422 2078 44 2078 1113 2079 44 2079 1114 2079 1114 2080 44 2080 48 2080 1114 2081 48 2081 1115 2081 1115 2082 48 2082 1116 2082 1116 2083 48 2083 50 2083 1116 2084 50 2084 1117 2084 1117 2085 50 2085 52 2085 1117 2086 52 2086 1118 2086 1118 2087 52 2087 54 2087 1118 2088 54 2088 1119 2088 1119 2089 54 2089 56 2089 1119 2090 56 2090 1120 2090 1120 2091 56 2091 58 2091 1120 2092 58 2092 1121 2092 1121 2093 58 2093 1122 2093 1122 2094 58 2094 60 2094 1122 2095 60 2095 1123 2095 1123 2096 60 2096 62 2096 1123 2097 62 2097 1124 2097 1124 2098 62 2098 64 2098 1124 2099 64 2099 1125 2099 1125 2100 64 2100 66 2100 1125 2101 66 2101 1126 2101 1126 2102 66 2102 68 2102 1126 2103 68 2103 1127 2103 1127 2104 68 2104 70 2104 1127 2105 70 2105 1128 2105 1128 2106 70 2106 72 2106 1128 2107 72 2107 1129 2107 1129 2108 72 2108 74 2108 1129 2109 74 2109 76 2109 1129 2110 76 2110 1130 2110 1130 2111 76 2111 78 2111 1130 2112 78 2112 80 2112 80 2113 82 2113 1130 2113 1130 2114 82 2114 84 2114 1130 2115 84 2115 1131 2115 1131 2116 84 2116 1132 2116 1130 2117 104 2117 1129 2117 1129 2118 104 2118 103 2118 1129 2119 103 2119 1128 2119 1128 2120 103 2120 102 2120 1128 2121 102 2121 1127 2121 1127 2122 102 2122 101 2122 1127 2123 101 2123 1126 2123 1126 2124 101 2124 100 2124 1126 2125 100 2125 1125 2125 1125 2126 100 2126 99 2126 1125 2127 99 2127 1124 2127 1124 2128 99 2128 98 2128 1124 2129 98 2129 1123 2129 1123 2130 98 2130 97 2130 1123 2131 97 2131 1122 2131 1122 2132 97 2132 96 2132 1122 2133 96 2133 1121 2133 1121 2134 96 2134 95 2134 1121 2135 95 2135 1120 2135 1120 2136 95 2136 94 2136 1120 2137 94 2137 1119 2137 1119 2138 94 2138 93 2138 1119 2139 93 2139 1118 2139 1118 2140 93 2140 92 2140 1118 2141 92 2141 1117 2141 1117 2142 92 2142 91 2142 1117 2143 91 2143 1116 2143 1116 2144 91 2144 89 2144 1116 2145 89 2145 1115 2145 1115 2146 89 2146 88 2146 1115 2147 88 2147 1114 2147 1114 2148 88 2148 87 2148 1114 2149 87 2149 1113 2149 1113 2150 87 2150 86 2150 423 2151 1113 2151 300 2151 300 2152 1113 2152 86 2152 300 2153 86 2153 90 2153 361 2154 359 2154 1133 2154 1133 2155 359 2155 109 2155 1133 2156 109 2156 1134 2156 1134 2157 109 2157 113 2157 1134 2158 113 2158 1135 2158 1135 2159 113 2159 1136 2159 1136 2160 113 2160 115 2160 1136 2161 115 2161 1137 2161 1137 2162 115 2162 117 2162 1137 2163 117 2163 1138 2163 1138 2164 117 2164 119 2164 1138 2165 119 2165 1139 2165 1139 2166 119 2166 121 2166 1139 2167 121 2167 1140 2167 1140 2168 121 2168 123 2168 1140 2169 123 2169 1141 2169 1141 2170 123 2170 1142 2170 1142 2171 123 2171 125 2171 1142 2172 125 2172 1143 2172 1143 2173 125 2173 127 2173 1143 2174 127 2174 1144 2174 1144 2175 127 2175 129 2175 1144 2176 129 2176 1145 2176 1145 2177 129 2177 131 2177 1145 2178 131 2178 1146 2178 1146 2179 131 2179 133 2179 1146 2180 133 2180 1147 2180 1147 2181 133 2181 135 2181 1147 2182 135 2182 1148 2182 1148 2183 135 2183 137 2183 1148 2184 137 2184 1149 2184 1149 2185 137 2185 139 2185 1149 2186 139 2186 141 2186 1149 2187 141 2187 1150 2187 1150 2188 141 2188 143 2188 1150 2189 143 2189 145 2189 145 2190 147 2190 1150 2190 1150 2191 147 2191 149 2191 1150 2192 149 2192 1151 2192 1151 2193 149 2193 1152 2193 1150 2194 169 2194 1149 2194 1149 2195 169 2195 168 2195 1149 2196 168 2196 1148 2196 1148 2197 168 2197 167 2197 1148 2198 167 2198 1147 2198 1147 2199 167 2199 166 2199 1147 2200 166 2200 1146 2200 1146 2201 166 2201 165 2201 1146 2202 165 2202 1145 2202 1145 2203 165 2203 164 2203 1145 2204 164 2204 1144 2204 1144 2205 164 2205 163 2205 1144 2206 163 2206 1143 2206 1143 2207 163 2207 162 2207 1143 2208 162 2208 1142 2208 1142 2209 162 2209 161 2209 1142 2210 161 2210 1141 2210 1141 2211 161 2211 160 2211 1141 2212 160 2212 1140 2212 1140 2213 160 2213 159 2213 1140 2214 159 2214 1139 2214 1139 2215 159 2215 158 2215 1139 2216 158 2216 1138 2216 1138 2217 158 2217 157 2217 1138 2218 157 2218 1137 2218 1137 2219 157 2219 156 2219 1137 2220 156 2220 1136 2220 1136 2221 156 2221 154 2221 1136 2222 154 2222 1135 2222 1135 2223 154 2223 153 2223 1135 2224 153 2224 1134 2224 1134 2225 153 2225 152 2225 1134 2226 152 2226 1133 2226 1133 2227 152 2227 151 2227 361 2228 1133 2228 237 2228 237 2229 1133 2229 151 2229 237 2230 151 2230 155 2230 298 2231 294 2231 1153 2231 1153 2232 294 2232 174 2232 1153 2233 174 2233 1154 2233 1154 2234 174 2234 178 2234 1154 2235 178 2235 1155 2235 1155 2236 178 2236 1156 2236 1156 2237 178 2237 180 2237 1156 2238 180 2238 1157 2238 1157 2239 180 2239 182 2239 1157 2240 182 2240 1158 2240 1158 2241 182 2241 184 2241 1158 2242 184 2242 1159 2242 1159 2243 184 2243 186 2243 1159 2244 186 2244 1160 2244 1160 2245 186 2245 188 2245 1160 2246 188 2246 1161 2246 1161 2247 188 2247 1162 2247 1162 2248 188 2248 190 2248 1162 2249 190 2249 1163 2249 1163 2250 190 2250 192 2250 1163 2251 192 2251 1164 2251 1164 2252 192 2252 194 2252 1164 2253 194 2253 1165 2253 1165 2254 194 2254 196 2254 1165 2255 196 2255 1166 2255 1166 2256 196 2256 198 2256 1166 2257 198 2257 1167 2257 1167 2258 198 2258 200 2258 1167 2259 200 2259 1168 2259 1168 2260 200 2260 202 2260 1168 2261 202 2261 1169 2261 1169 2262 202 2262 204 2262 1169 2263 204 2263 206 2263 1169 2264 206 2264 1170 2264 1170 2265 206 2265 208 2265 1170 2266 208 2266 210 2266 210 2267 212 2267 1170 2267 1170 2268 212 2268 214 2268 1170 2269 214 2269 1171 2269 1171 2270 214 2270 1172 2270 1170 2271 234 2271 1169 2271 1169 2272 234 2272 233 2272 1169 2273 233 2273 1168 2273 1168 2274 233 2274 232 2274 1168 2275 232 2275 1167 2275 1167 2276 232 2276 231 2276 1167 2277 231 2277 1166 2277 1166 2278 231 2278 230 2278 1166 2279 230 2279 1165 2279 1165 2280 230 2280 229 2280 1165 2281 229 2281 1164 2281 1164 2282 229 2282 228 2282 1164 2283 228 2283 1163 2283 1163 2284 228 2284 227 2284 1163 2285 227 2285 1162 2285 1162 2286 227 2286 226 2286 1162 2287 226 2287 1161 2287 1161 2288 226 2288 225 2288 1161 2289 225 2289 1160 2289 1160 2290 225 2290 224 2290 1160 2291 224 2291 1159 2291 1159 2292 224 2292 223 2292 1159 2293 223 2293 1158 2293 1158 2294 223 2294 222 2294 1158 2295 222 2295 1157 2295 1157 2296 222 2296 221 2296 1157 2297 221 2297 1156 2297 1156 2298 221 2298 219 2298 1156 2299 219 2299 1155 2299 1155 2300 219 2300 218 2300 1155 2301 218 2301 1154 2301 1154 2302 218 2302 217 2302 1154 2303 217 2303 1153 2303 1153 2304 217 2304 216 2304 298 2305 1153 2305 299 2305 299 2306 1153 2306 216 2306 299 2307 216 2307 220 2307 235 2308 236 2308 1173 2308 1173 2309 236 2309 1174 2309 1173 2310 1174 2310 1175 2310 1175 2311 1174 2311 1176 2311 1175 2312 1176 2312 1177 2312 1177 2313 1176 2313 1178 2313 1177 2314 1178 2314 1179 2314 1179 2315 1178 2315 1180 2315 1179 2316 1180 2316 1181 2316 1181 2317 1180 2317 1182 2317 1181 2318 1182 2318 1183 2318 1183 2319 1182 2319 1184 2319 1183 2320 1184 2320 1185 2320 1185 2321 1184 2321 1186 2321 1185 2322 1186 2322 1187 2322 1187 2323 1186 2323 1188 2323 1187 2324 1188 2324 1189 2324 1189 2325 1188 2325 1190 2325 1189 2326 1190 2326 1191 2326 1191 2327 1190 2327 1192 2327 170 2328 171 2328 1193 2328 1193 2329 171 2329 1194 2329 1193 2330 1194 2330 1195 2330 1195 2331 1194 2331 1196 2331 1195 2332 1196 2332 1197 2332 1197 2333 1196 2333 1198 2333 1197 2334 1198 2334 1199 2334 1199 2335 1198 2335 1200 2335 1199 2336 1200 2336 1201 2336 1201 2337 1200 2337 1202 2337 1201 2338 1202 2338 1203 2338 1203 2339 1202 2339 1204 2339 1203 2340 1204 2340 1205 2340 1205 2341 1204 2341 1206 2341 1205 2342 1206 2342 1207 2342 1207 2343 1206 2343 1208 2343 1207 2344 1208 2344 1209 2344 1209 2345 1208 2345 1210 2345 1209 2346 1210 2346 1172 2346 1172 2347 1210 2347 1171 2347 105 2348 106 2348 1211 2348 1211 2349 106 2349 1212 2349 1211 2350 1212 2350 1213 2350 1213 2351 1212 2351 1214 2351 1213 2352 1214 2352 1215 2352 1215 2353 1214 2353 1216 2353 1215 2354 1216 2354 1217 2354 1217 2355 1216 2355 1218 2355 1217 2356 1218 2356 1219 2356 1219 2357 1218 2357 1220 2357 1219 2358 1220 2358 1221 2358 1221 2359 1220 2359 1222 2359 1221 2360 1222 2360 1223 2360 1223 2361 1222 2361 1224 2361 1223 2362 1224 2362 1225 2362 1225 2363 1224 2363 1226 2363 1225 2364 1226 2364 1227 2364 1227 2365 1226 2365 1228 2365 1227 2366 1228 2366 1152 2366 1152 2367 1228 2367 1151 2367 40 2368 41 2368 1229 2368 1229 2369 41 2369 1230 2369 1229 2370 1230 2370 1231 2370 1231 2371 1230 2371 1232 2371 1231 2372 1232 2372 1233 2372 1233 2373 1232 2373 1234 2373 1233 2374 1234 2374 1235 2374 1235 2375 1234 2375 1236 2375 1235 2376 1236 2376 1237 2376 1237 2377 1236 2377 1238 2377 1237 2378 1238 2378 1239 2378 1239 2379 1238 2379 1240 2379 1239 2380 1240 2380 1241 2380 1241 2381 1240 2381 1242 2381 1241 2382 1242 2382 1243 2382 1243 2383 1242 2383 1244 2383 1243 2384 1244 2384 1245 2384 1245 2385 1244 2385 1246 2385 1245 2386 1246 2386 1132 2386 1132 2387 1246 2387 1131 2387 1033 2388 1034 2388 1247 2388 1247 2389 1034 2389 1248 2389 1247 2390 1248 2390 1249 2390 1249 2391 1248 2391 1250 2391 1249 2392 1250 2392 1251 2392 1251 2393 1250 2393 1252 2393 1251 2394 1252 2394 1253 2394 1253 2395 1252 2395 1254 2395 1253 2396 1254 2396 1255 2396 1255 2397 1254 2397 1256 2397 1255 2398 1256 2398 1257 2398 1257 2399 1256 2399 1258 2399 1257 2400 1258 2400 1259 2400 1259 2401 1258 2401 1260 2401 1259 2402 1260 2402 1261 2402 1261 2403 1260 2403 1262 2403 1261 2404 1262 2404 1263 2404 1263 2405 1262 2405 1264 2405 1263 2406 1264 2406 1265 2406 1265 2407 1264 2407 1266 2407 1072 2408 1073 2408 1267 2408 1267 2409 1073 2409 1268 2409 1267 2410 1268 2410 1269 2410 1269 2411 1268 2411 1270 2411 1269 2412 1270 2412 1271 2412 1271 2413 1270 2413 1272 2413 1271 2414 1272 2414 1273 2414 1273 2415 1272 2415 1274 2415 1273 2416 1274 2416 1275 2416 1275 2417 1274 2417 1276 2417 1275 2418 1276 2418 1277 2418 1277 2419 1276 2419 1278 2419 1277 2420 1278 2420 1279 2420 1279 2421 1278 2421 1280 2421 1279 2422 1280 2422 1281 2422 1281 2423 1280 2423 1282 2423 1281 2424 1282 2424 1283 2424 1283 2425 1282 2425 1284 2425 1283 2426 1284 2426 1112 2426 1112 2427 1284 2427 1111 2427 1247 2428 1285 2428 1033 2428 1033 2429 1285 2429 1286 2429 1033 2430 1286 2430 1073 2430 1073 2431 1286 2431 1287 2431 1073 2432 1287 2432 1288 2432 1285 2433 1247 2433 1289 2433 1289 2434 1247 2434 1249 2434 1289 2435 1249 2435 1251 2435 1289 2436 1251 2436 1290 2436 1290 2437 1251 2437 1253 2437 1290 2438 1253 2438 1255 2438 1290 2439 1255 2439 1291 2439 1291 2440 1255 2440 1257 2440 1291 2441 1257 2441 1292 2441 1292 2442 1257 2442 1259 2442 1292 2443 1259 2443 1293 2443 1293 2444 1259 2444 1261 2444 1293 2445 1261 2445 1263 2445 1293 2446 1263 2446 1294 2446 1294 2447 1263 2447 1265 2447 1294 2448 1265 2448 1295 2448 1295 2449 1265 2449 1296 2449 1296 2450 1265 2450 1192 2450 1296 2451 1192 2451 1297 2451 1297 2452 1192 2452 1298 2452 1298 2453 1192 2453 1190 2453 1298 2454 1190 2454 1188 2454 1299 2455 1300 2455 1265 2455 1265 2456 1300 2456 1192 2456 1298 2457 1188 2457 1301 2457 1301 2458 1188 2458 1186 2458 1301 2459 1186 2459 1302 2459 1302 2460 1186 2460 1184 2460 1302 2461 1184 2461 1182 2461 1302 2462 1182 2462 1303 2462 1303 2463 1182 2463 1180 2463 1303 2464 1180 2464 1304 2464 1304 2465 1180 2465 1178 2465 1304 2466 1178 2466 1176 2466 1304 2467 1176 2467 1305 2467 1305 2468 1176 2468 1174 2468 1305 2469 1174 2469 1306 2469 1306 2470 1174 2470 236 2470 1306 2471 236 2471 1307 2471 1307 2472 236 2472 1171 2472 1307 2473 1171 2473 1308 2473 1308 2474 1171 2474 1210 2474 1308 2475 1210 2475 1309 2475 1309 2476 1210 2476 1208 2476 1309 2477 1208 2477 1206 2477 236 2478 234 2478 1171 2478 1171 2479 234 2479 1170 2479 1309 2480 1206 2480 1310 2480 1310 2481 1206 2481 1204 2481 1310 2482 1204 2482 1202 2482 1310 2483 1202 2483 1311 2483 1311 2484 1202 2484 1200 2484 1311 2485 1200 2485 1198 2485 1311 2486 1198 2486 1312 2486 1312 2487 1198 2487 1196 2487 1312 2488 1196 2488 1194 2488 1312 2489 1194 2489 1313 2489 1313 2490 1194 2490 171 2490 1313 2491 171 2491 1314 2491 1314 2492 171 2492 1151 2492 1314 2493 1151 2493 1315 2493 1315 2494 1151 2494 1228 2494 1315 2495 1228 2495 1316 2495 1316 2496 1228 2496 1226 2496 1316 2497 1226 2497 1317 2497 1317 2498 1226 2498 1224 2498 1317 2499 1224 2499 1222 2499 169 2500 1150 2500 171 2500 171 2501 1150 2501 1151 2501 1317 2502 1222 2502 1318 2502 1318 2503 1222 2503 1220 2503 1318 2504 1220 2504 1319 2504 1319 2505 1220 2505 1218 2505 1319 2506 1218 2506 1216 2506 1319 2507 1216 2507 1320 2507 1320 2508 1216 2508 1214 2508 1320 2509 1214 2509 1321 2509 1321 2510 1214 2510 1212 2510 1321 2511 1212 2511 106 2511 104 2512 1130 2512 106 2512 106 2513 1130 2513 1131 2513 106 2514 1131 2514 1322 2514 1322 2515 1131 2515 1323 2515 1323 2516 1131 2516 1324 2516 1324 2517 1131 2517 1246 2517 1324 2518 1246 2518 1325 2518 1325 2519 1246 2519 1244 2519 1325 2520 1244 2520 1242 2520 1325 2521 1242 2521 1326 2521 1326 2522 1242 2522 1240 2522 1326 2523 1240 2523 1327 2523 1327 2524 1240 2524 1238 2524 1327 2525 1238 2525 1328 2525 1328 2526 1238 2526 1236 2526 1328 2527 1236 2527 1234 2527 1328 2528 1234 2528 1329 2528 1329 2529 1234 2529 1232 2529 1329 2530 1232 2530 1230 2530 1329 2531 1230 2531 1330 2531 1330 2532 1230 2532 41 2532 1330 2533 41 2533 1331 2533 1331 2534 41 2534 1111 2534 1331 2535 1111 2535 1332 2535 1332 2536 1111 2536 1333 2536 1333 2537 1111 2537 1284 2537 1333 2538 1284 2538 1282 2538 41 2539 35 2539 1111 2539 1111 2540 35 2540 1106 2540 1333 2541 1282 2541 1334 2541 1334 2542 1282 2542 1280 2542 1334 2543 1280 2543 1278 2543 1334 2544 1278 2544 1335 2544 1335 2545 1278 2545 1276 2545 1335 2546 1276 2546 1274 2546 1335 2547 1274 2547 1336 2547 1336 2548 1274 2548 1272 2548 1336 2549 1272 2549 1270 2549 1336 2550 1270 2550 1288 2550 1288 2551 1270 2551 1268 2551 1288 2552 1268 2552 1073 2552 1054 2553 1028 2553 1073 2553 1073 2554 1028 2554 1033 2554 1322 2555 1337 2555 106 2555 106 2556 1337 2556 1321 2556 491 2557 1338 2557 942 2557 942 2558 1338 2558 1339 2558 942 2559 1339 2559 1340 2559 1340 2560 1339 2560 1341 2560 1340 2561 1341 2561 1342 2561 491 2562 489 2562 1338 2562 1340 2563 1342 2563 1343 2563 1343 2564 1342 2564 1344 2564 1343 2565 1344 2565 1345 2565 1345 2566 1344 2566 1346 2566 1345 2567 1346 2567 1347 2567 1347 2568 1346 2568 1348 2568 1347 2569 1348 2569 1349 2569 1349 2570 1348 2570 1350 2570 1349 2571 1350 2571 1351 2571 1351 2572 1350 2572 1352 2572 1351 2573 1352 2573 1353 2573 1351 2574 1353 2574 1354 2574 1354 2575 1353 2575 1355 2575 1354 2576 1355 2576 1356 2576 1356 2577 1355 2577 1357 2577 1356 2578 1357 2578 1358 2578 1358 2579 1357 2579 1359 2579 1358 2580 1359 2580 1360 2580 1360 2581 1359 2581 1361 2581 1360 2582 1361 2582 1362 2582 1362 2583 1361 2583 1363 2583 1362 2584 1363 2584 1364 2584 1364 2585 1363 2585 1365 2585 1364 2586 1365 2586 1366 2586 1366 2587 1365 2587 1367 2587 1366 2588 1367 2588 1368 2588 1368 2589 1367 2589 1369 2589 1369 2590 1367 2590 1299 2590 1369 2591 1299 2591 1370 2591 1370 2592 1299 2592 1371 2592 1371 2593 1299 2593 1372 2593 1372 2594 1299 2594 1373 2594 1373 2595 1299 2595 1266 2595 1266 2596 1299 2596 1265 2596 995 2597 937 2597 1374 2597 1374 2598 937 2598 994 2598 1374 2599 994 2599 1375 2599 1375 2600 994 2600 1376 2600 1375 2601 1376 2601 1377 2601 1377 2602 1376 2602 1378 2602 1378 2603 1376 2603 1379 2603 1378 2604 1379 2604 1380 2604 1380 2605 1379 2605 1381 2605 1380 2606 1381 2606 1382 2606 1382 2607 1381 2607 1383 2607 1382 2608 1383 2608 1384 2608 1384 2609 1383 2609 1385 2609 1384 2610 1385 2610 1386 2610 1386 2611 1385 2611 1387 2611 1386 2612 1387 2612 1388 2612 1388 2613 1387 2613 1389 2613 1389 2614 1387 2614 1390 2614 1389 2615 1390 2615 1391 2615 1391 2616 1390 2616 1392 2616 1391 2617 1392 2617 1393 2617 1393 2618 1392 2618 1394 2618 1393 2619 1394 2619 1395 2619 1395 2620 1394 2620 1396 2620 1395 2621 1396 2621 1397 2621 1397 2622 1396 2622 1398 2622 1397 2623 1398 2623 1399 2623 1399 2624 1398 2624 1400 2624 1399 2625 1400 2625 1401 2625 1401 2626 1400 2626 1402 2626 1401 2627 1402 2627 1403 2627 1403 2628 1402 2628 1404 2628 1403 2629 1404 2629 1405 2629 1403 2630 1405 2630 1300 2630 1300 2631 1405 2631 1406 2631 1300 2632 1406 2632 1407 2632 1407 2633 1408 2633 1300 2633 1300 2634 1408 2634 1409 2634 1300 2635 1409 2635 1192 2635 1192 2636 1409 2636 1191 2636 940 2637 941 2637 939 2637 939 2638 941 2638 994 2638 994 2639 941 2639 942 2639 994 2640 942 2640 1340 2640 994 2641 1340 2641 1376 2641 1376 2642 1340 2642 1343 2642 1376 2643 1343 2643 1379 2643 1379 2644 1343 2644 1345 2644 1379 2645 1345 2645 1381 2645 1381 2646 1345 2646 1347 2646 1381 2647 1347 2647 1383 2647 1383 2648 1347 2648 1349 2648 1383 2649 1349 2649 1385 2649 1385 2650 1349 2650 1351 2650 1385 2651 1351 2651 1387 2651 1387 2652 1351 2652 1354 2652 1387 2653 1354 2653 1390 2653 1390 2654 1354 2654 1356 2654 1390 2655 1356 2655 1392 2655 1392 2656 1356 2656 1358 2656 1392 2657 1358 2657 1394 2657 1394 2658 1358 2658 1360 2658 1394 2659 1360 2659 1396 2659 1396 2660 1360 2660 1362 2660 1396 2661 1362 2661 1398 2661 1398 2662 1362 2662 1364 2662 1398 2663 1364 2663 1400 2663 1400 2664 1364 2664 1366 2664 1400 2665 1366 2665 1402 2665 1402 2666 1366 2666 1368 2666 1402 2667 1368 2667 1404 2667 1404 2668 1368 2668 1369 2668 1404 2669 1369 2669 1405 2669 1405 2670 1369 2670 1370 2670 1405 2671 1370 2671 1406 2671 1406 2672 1370 2672 1371 2672 1406 2673 1371 2673 1407 2673 1407 2674 1371 2674 1372 2674 1407 2675 1372 2675 1408 2675 1408 2676 1372 2676 1373 2676 1408 2677 1373 2677 1409 2677 1300 2678 1299 2678 1403 2678 1403 2679 1299 2679 1367 2679 1403 2680 1367 2680 1401 2680 1401 2681 1367 2681 1365 2681 1401 2682 1365 2682 1399 2682 1399 2683 1365 2683 1363 2683 1399 2684 1363 2684 1397 2684 1397 2685 1363 2685 1361 2685 1397 2686 1361 2686 1395 2686 1395 2687 1361 2687 1359 2687 1395 2688 1359 2688 1393 2688 1393 2689 1359 2689 1357 2689 1393 2690 1357 2690 1391 2690 1391 2691 1357 2691 1355 2691 1391 2692 1355 2692 1389 2692 1389 2693 1355 2693 1353 2693 1389 2694 1353 2694 1388 2694 1388 2695 1353 2695 1352 2695 1388 2696 1352 2696 1386 2696 1386 2697 1352 2697 1350 2697 1386 2698 1350 2698 1384 2698 1384 2699 1350 2699 1348 2699 1384 2700 1348 2700 1382 2700 1382 2701 1348 2701 1346 2701 1382 2702 1346 2702 1380 2702 1380 2703 1346 2703 1344 2703 1380 2704 1344 2704 1378 2704 1378 2705 1344 2705 1342 2705 1378 2706 1342 2706 1377 2706 1377 2707 1342 2707 1341 2707 1377 2708 1341 2708 1375 2708 1375 2709 1341 2709 1339 2709 1375 2710 1339 2710 1374 2710 1374 2711 1339 2711 1338 2711 995 2712 1374 2712 488 2712 488 2713 1374 2713 1338 2713 488 2714 1338 2714 489 2714 1336 2715 1410 2715 1335 2715 1335 2716 1410 2716 1411 2716 1335 2717 1411 2717 1334 2717 1334 2718 1411 2718 1412 2718 1334 2719 1412 2719 1333 2719 1333 2720 1412 2720 1413 2720 1333 2721 1413 2721 1332 2721 1332 2722 1413 2722 1414 2722 1332 2723 1414 2723 1331 2723 1331 2724 1414 2724 1415 2724 1331 2725 1415 2725 1330 2725 1330 2726 1415 2726 1416 2726 1330 2727 1416 2727 1329 2727 1329 2728 1416 2728 1417 2728 1329 2729 1417 2729 1328 2729 1328 2730 1417 2730 1418 2730 1328 2731 1418 2731 1327 2731 1327 2732 1418 2732 1419 2732 1327 2733 1419 2733 1326 2733 1326 2734 1419 2734 1420 2734 1326 2735 1420 2735 1325 2735 1325 2736 1420 2736 1421 2736 1325 2737 1421 2737 1324 2737 1324 2738 1421 2738 1422 2738 1324 2739 1422 2739 1323 2739 1323 2740 1422 2740 1423 2740 1323 2741 1423 2741 1322 2741 1322 2742 1423 2742 1424 2742 1322 2743 1424 2743 1337 2743 1337 2744 1424 2744 1425 2744 1337 2745 1425 2745 1321 2745 1321 2746 1425 2746 1426 2746 1321 2747 1426 2747 1320 2747 1320 2748 1426 2748 1427 2748 1320 2749 1427 2749 1319 2749 1319 2750 1427 2750 1428 2750 1319 2751 1428 2751 1318 2751 1318 2752 1428 2752 1429 2752 1318 2753 1429 2753 1317 2753 1317 2754 1429 2754 1430 2754 1317 2755 1430 2755 1316 2755 1316 2756 1430 2756 1431 2756 1316 2757 1431 2757 1315 2757 1315 2758 1431 2758 1432 2758 1315 2759 1432 2759 1314 2759 1314 2760 1432 2760 1433 2760 1314 2761 1433 2761 1313 2761 1313 2762 1433 2762 1434 2762 1313 2763 1434 2763 1312 2763 1312 2764 1434 2764 1435 2764 1312 2765 1435 2765 1311 2765 1311 2766 1435 2766 1436 2766 1311 2767 1436 2767 1310 2767 1310 2768 1436 2768 1437 2768 1310 2769 1437 2769 1309 2769 1309 2770 1437 2770 1438 2770 1309 2771 1438 2771 1308 2771 1308 2772 1438 2772 1439 2772 1308 2773 1439 2773 1307 2773 1307 2774 1439 2774 1440 2774 1307 2775 1440 2775 1306 2775 1306 2776 1440 2776 1441 2776 1306 2777 1441 2777 1305 2777 1305 2778 1441 2778 1442 2778 1305 2779 1442 2779 1304 2779 1304 2780 1442 2780 1443 2780 1304 2781 1443 2781 1303 2781 1303 2782 1443 2782 1444 2782 1303 2783 1444 2783 1302 2783 1302 2784 1444 2784 1445 2784 1302 2785 1445 2785 1301 2785 1301 2786 1445 2786 1446 2786 1301 2787 1446 2787 1298 2787 1298 2788 1446 2788 1447 2788 1298 2789 1447 2789 1297 2789 1297 2790 1447 2790 1448 2790 1297 2791 1448 2791 1296 2791 1296 2792 1448 2792 1449 2792 1296 2793 1449 2793 1295 2793 1295 2794 1449 2794 1450 2794 1295 2795 1450 2795 1294 2795 1294 2796 1450 2796 1451 2796 1294 2797 1451 2797 1293 2797 1293 2798 1451 2798 1452 2798 1293 2799 1452 2799 1292 2799 1292 2800 1452 2800 1453 2800 1292 2801 1453 2801 1291 2801 1291 2802 1453 2802 1454 2802 1291 2803 1454 2803 1290 2803 1290 2804 1454 2804 1455 2804 1290 2805 1455 2805 1289 2805 1289 2806 1455 2806 1456 2806 1289 2807 1456 2807 1285 2807 1285 2808 1456 2808 1457 2808 1285 2809 1457 2809 1286 2809 1286 2810 1457 2810 1458 2810 1286 2811 1458 2811 1287 2811 1287 2812 1458 2812 1459 2812 1287 2813 1459 2813 1288 2813 1288 2814 1459 2814 1460 2814 1288 2815 1460 2815 1336 2815 1336 2816 1460 2816 1410 2816 1267 2817 1460 2817 1072 2817 1072 2818 1460 2818 1459 2818 1072 2819 1459 2819 1458 2819 1267 2820 1269 2820 1460 2820 1460 2821 1269 2821 1410 2821 1410 2822 1269 2822 1271 2822 1410 2823 1271 2823 1273 2823 1410 2824 1273 2824 1411 2824 1411 2825 1273 2825 1275 2825 1411 2826 1275 2826 1277 2826 1411 2827 1277 2827 1412 2827 1412 2828 1277 2828 1279 2828 1412 2829 1279 2829 1281 2829 1412 2830 1281 2830 1413 2830 1413 2831 1281 2831 1283 2831 1413 2832 1283 2832 1112 2832 1110 2833 39 2833 1112 2833 1112 2834 39 2834 40 2834 1112 2835 40 2835 1415 2835 1415 2836 40 2836 1416 2836 1416 2837 40 2837 1229 2837 1416 2838 1229 2838 1417 2838 1417 2839 1229 2839 1231 2839 1417 2840 1231 2840 1233 2840 1417 2841 1233 2841 1418 2841 1418 2842 1233 2842 1235 2842 1418 2843 1235 2843 1237 2843 1418 2844 1237 2844 1419 2844 1419 2845 1237 2845 1239 2845 1419 2846 1239 2846 1420 2846 1420 2847 1239 2847 1241 2847 1420 2848 1241 2848 1421 2848 1421 2849 1241 2849 1243 2849 1421 2850 1243 2850 1245 2850 1421 2851 1245 2851 1422 2851 1422 2852 1245 2852 1132 2852 1422 2853 1132 2853 1423 2853 1423 2854 1132 2854 1424 2854 1424 2855 1132 2855 105 2855 1424 2856 105 2856 1425 2856 1425 2857 105 2857 1426 2857 1426 2858 105 2858 1211 2858 1426 2859 1211 2859 1213 2859 84 2860 83 2860 1132 2860 1132 2861 83 2861 105 2861 1426 2862 1213 2862 1427 2862 1427 2863 1213 2863 1215 2863 1427 2864 1215 2864 1428 2864 1428 2865 1215 2865 1217 2865 1428 2866 1217 2866 1219 2866 1428 2867 1219 2867 1429 2867 1429 2868 1219 2868 1221 2868 1429 2869 1221 2869 1430 2869 1430 2870 1221 2870 1223 2870 1430 2871 1223 2871 1225 2871 1430 2872 1225 2872 1431 2872 1431 2873 1225 2873 1227 2873 1431 2874 1227 2874 1432 2874 1432 2875 1227 2875 1152 2875 1432 2876 1152 2876 1433 2876 1433 2877 1152 2877 170 2877 1433 2878 170 2878 1434 2878 1434 2879 170 2879 1193 2879 1434 2880 1193 2880 1435 2880 1435 2881 1193 2881 1195 2881 1435 2882 1195 2882 1197 2882 1152 2883 149 2883 170 2883 170 2884 149 2884 148 2884 1435 2885 1197 2885 1436 2885 1436 2886 1197 2886 1199 2886 1436 2887 1199 2887 1201 2887 1436 2888 1201 2888 1437 2888 1437 2889 1201 2889 1203 2889 1437 2890 1203 2890 1205 2890 1437 2891 1205 2891 1438 2891 1438 2892 1205 2892 1207 2892 1438 2893 1207 2893 1209 2893 1438 2894 1209 2894 1439 2894 1439 2895 1209 2895 1172 2895 1439 2896 1172 2896 1440 2896 1440 2897 1172 2897 235 2897 1440 2898 235 2898 1441 2898 1441 2899 235 2899 1173 2899 1441 2900 1173 2900 1442 2900 1442 2901 1173 2901 1175 2901 1442 2902 1175 2902 1443 2902 1443 2903 1175 2903 1177 2903 1443 2904 1177 2904 1179 2904 214 2905 213 2905 1172 2905 1172 2906 213 2906 235 2906 1443 2907 1179 2907 1444 2907 1444 2908 1179 2908 1181 2908 1444 2909 1181 2909 1445 2909 1445 2910 1181 2910 1183 2910 1445 2911 1183 2911 1185 2911 1445 2912 1185 2912 1446 2912 1446 2913 1185 2913 1187 2913 1446 2914 1187 2914 1447 2914 1447 2915 1187 2915 1189 2915 1447 2916 1189 2916 1191 2916 1409 2917 1373 2917 1191 2917 1191 2918 1373 2918 1266 2918 1191 2919 1266 2919 1449 2919 1449 2920 1266 2920 1450 2920 1450 2921 1266 2921 1451 2921 1451 2922 1266 2922 1264 2922 1451 2923 1264 2923 1452 2923 1452 2924 1264 2924 1262 2924 1452 2925 1262 2925 1260 2925 1452 2926 1260 2926 1453 2926 1453 2927 1260 2927 1258 2927 1453 2928 1258 2928 1454 2928 1454 2929 1258 2929 1256 2929 1454 2930 1256 2930 1455 2930 1455 2931 1256 2931 1254 2931 1455 2932 1254 2932 1252 2932 1455 2933 1252 2933 1456 2933 1456 2934 1252 2934 1250 2934 1456 2935 1250 2935 1248 2935 1456 2936 1248 2936 1457 2936 1457 2937 1248 2937 1034 2937 1457 2938 1034 2938 1458 2938 1458 2939 1034 2939 1072 2939 1034 2940 1032 2940 1072 2940 1072 2941 1032 2941 1053 2941 1449 2942 1448 2942 1191 2942 1191 2943 1448 2943 1447 2943 1415 2944 1414 2944 1112 2944 1112 2945 1414 2945 1413 2945</p>
        </triangles>
      </mesh>
    </geometry>
  </library_geometries>
  <library_visual_scenes>
    <visual_scene id="Scene" name="Scene">
      <node id="blade_guard" name="blade_guard" type="NODE">
        <matrix sid="transform">1 0 0 0 0 1 0 0 0 0 1 0 0 0 0 1</matrix>
        <instance_geometry url="#blade_guard-mesh" name="blade_guard"/>
      </node>
      <node id="Camera" name="Camera" type="NODE">
        <matrix sid="transform">0.6859207 -0.3240135 0.6515582 7.358891 0.7276763 0.3054208 -0.6141704 -6.925791 0 0.8953956 0.4452714 4.958309 0 0 0 1</matrix>
        <instance_camera url="#Camera-camera"/>
      </node>
      <node id="Light" name="Light" type="NODE">
        <matrix sid="transform">-0.2908646 -0.7711008 0.5663932 4.076245 0.9551712 -0.1998834 0.2183912 1.005454 -0.05518906 0.6045247 0.7946723 5.903862 0 0 0 1</matrix>
        <instance_light url="#Light-light"/>
      </node>
    </visual_scene>
  </library_visual_scenes>
  <scene>
    <instance_visual_scene url="#Scene"/>
  </scene>
</COLLADA>